"SN","label","chamber","Vtotal","obs_length","DeadBand","TimeClosing","start_time","end_time","Tcham","Pressure","V1_avg","V2_avg","V3_avg","V4_avg","Plot","Group","Treatment","LI8100A_Port"
"81A-1652","13","101","6926.9","01:30","00:25","12","2026-06-03 15:59:13","2026-06-03 16:00:54",-68.1362857142857,99.8118095238095,5.15047619047619,2.89646666666667,97.1662,0.0514952380952381,"Control",4,"Control",NA
"81A-1652","49","101","6926.900","01:30","00:25","13","2026-06-03 17:10:28","2026-06-03 17:12:10",24.8929245283019,99.3603773584906,5.25,0.0320188679245283,87.7804905660377,0.0370849056603774,"Control",NA,"Control",NA
"81A-1767","40","101","6926.900","01:30","00:25","13","2026-05-29 12:04:25","2026-05-29 12:06:07",21.3725471698113,100.742735849057,2.86758490566038,0.775509433962264,141.220179245283,0.140660377358491,"Fresh",10,"45 µm",NA
"81A-1678","31","101","6926.900","01:30","00:25","13","2026-06-03 02:26:01","2026-06-03 02:27:43",13.8582075471698,100.117075471698,4.94622641509434,0.0742924528301887,116.64291509434,3.42805660377359,"Salt",8,"1 µm",NA
"81A-1678","32","101","6926.900","01:30","00:25","13","2026-06-03 02:29:00","2026-06-03 02:30:42",-54.003679245283,100.139056603774,4.95283018867925,0.0347735849056604,18.3860188679245,0.0333867924528302,"Salt",8,"45 µm",NA
"81A-1678","29","101","6926.900","01:30","00:25","12","2026-06-03 03:20:01","2026-06-03 03:21:42",13.6871428571429,100.183619047619,3.76380952380952,1.77602857142857,89.4511142857143,0.0356857142857143,"Salt",8,"Control",NA
"81A-1678","30","101","6926.900","01:30","00:25","13","2026-06-03 03:23:02","2026-06-03 03:24:44",14.1505660377358,100.10858490566,5.09139622641509,0.982537735849057,106.784849056604,0.0356603773584906,"Salt",8,"Disturbance",NA
"81A-1678","31","101","6926.900","01:30","00:25","13","2026-06-03 03:26:04","2026-06-03 03:27:46",13.5368867924528,100.109056603774,4.94433962264151,0.115669811320755,116.465575471698,3.42720754716981,"Salt",8,"1 µm",NA
"81A-1678","32","101","6926.900","01:30","00:25","13","2026-06-03 03:29:03","2026-06-03 03:30:45",-54.3503773584906,100.118773584906,4.95569811320755,0.0354622641509434,18.28,0.0338396226415094,"Salt",8,"45 µm",NA
"81A-1678","29","101","6926.900","01:30","00:25","12","2026-06-03 04:20:01","2026-06-03 04:21:42",13.3570476190476,100.18780952381,3.76380952380952,1.77534285714286,89.4247142857143,0.0356857142857143,"Salt",8,"Control",NA
"81A-1678","30","101","6926.900","01:30","00:25","13","2026-06-03 04:23:01","2026-06-03 04:24:43",13.6959433962264,100.128018867925,5.11466037735849,0.983632075471698,106.705235849057,0.0356698113207547,"Salt",8,"Disturbance",NA
"81A-1678","31","101","6926.900","01:30","00:25","13","2026-06-03 04:26:02","2026-06-03 04:27:44",13.1216981132075,100.122547169811,4.94905660377358,0.0730377358490566,116.468349056604,3.40845283018868,"Salt",8,"1 µm",NA
"81A-1678","32","101","6926.900","01:30","00:25","13","2026-06-03 04:29:01","2026-06-03 04:30:43",-54.328679245283,100.133867924528,4.96414150943396,0.0355660377358491,18.1617735849057,0.0340471698113208,"Salt",8,"45 µm",NA
"81A-1767","38","101","6926.900","01:30","00:25","14","2026-05-29 12:07:27","2026-05-29 12:09:10",-71.4485981308411,100.745607476636,2.66355140186916,-0.498140186915888,73.4248224299065,0.120728971962617,"Fresh",10,"Disturbance",NA
"81A-1678","29","101","6926.900","01:30","00:25","12","2026-06-03 05:20:01","2026-06-03 05:21:42",12.9778095238095,100.202,3.76380952380952,1.7752380952381,89.3927047619048,0.0356952380952381,"Salt",8,"Control",NA
"81A-1678","30","101","6926.900","01:30","00:25","13","2026-06-03 05:23:01","2026-06-03 05:24:43",13.366320754717,100.128490566038,5.11861320754717,0.981867924528302,100.880745283019,0.0356698113207547,"Salt",8,"Disturbance",NA
"81A-1678","31","101","6926.900","01:30","00:25","13","2026-06-03 05:26:02","2026-06-03 05:27:44",12.812358490566,100.121226415094,4.95,0.0752830188679245,116.217264150943,3.42490566037736,"Salt",8,"1 µm",NA
"81A-1678","32","101","6926.900","01:30","00:25","13","2026-06-03 05:29:01","2026-06-03 05:30:43",-54.2844339622642,100.12858490566,4.99582075471698,0.0349905660377358,18.0608113207547,0.0341415094339623,"Salt",8,"45 µm",NA
"81A-1678","29","101","6926.900","01:30","00:25","12","2026-06-03 06:20:01","2026-06-03 06:21:42",12.7302857142857,100.195428571429,3.76380952380952,1.7750380952381,89.3933714285714,0.0358380952380952,"Salt",8,"Control",NA
"81A-1678","30","101","6926.900","01:30","00:25","13","2026-06-03 06:22:59","2026-06-03 06:24:41",13.0994339622642,100.129622641509,5.14245283018868,0.981650943396226,95.7386320754717,0.0357358490566038,"Salt",8,"Disturbance",NA
"81A-1678","31","101","6926.900","01:30","00:25","13","2026-06-03 06:26:00","2026-06-03 06:27:42",12.6183018867925,100.128113207547,4.95283018867925,0.0749811320754717,116.054518867925,3.42316981132075,"Salt",8,"1 µm",NA
"81A-1678","32","101","6926.900","01:30","00:25","13","2026-06-03 06:29:01","2026-06-03 06:30:43",-54.4033018867925,100.140849056604,5.01956603773585,0.0357641509433962,17.9510471698113,0.0344528301886792,"Salt",8,"45 µm",NA
"81A-1678","29","101","6926.900","01:30","00:25","12","2026-06-03 07:20:01","2026-06-03 07:21:42",13.417619047619,100.254571428571,3.76380952380952,1.77337142857143,89.4321619047619,0.0359047619047619,"Salt",8,"Control",NA
"81A-1678","30","101","6926.900","01:30","00:25","13","2026-06-03 07:23:01","2026-06-03 07:24:43",13.9315094339623,100.193490566038,5.14150943396226,0.981650943396226,89.078641509434,0.0358962264150943,"Salt",8,"Disturbance",NA
"81A-1767","45","101","6926.900","01:30","00:25","14","2026-05-29 12:10:27","2026-05-29 12:12:10",-68.4416822429907,100.732429906542,2.56448598130841,0.810233644859813,16.3425887850467,0.112271028037383,"Fresh",12,"Control",NA
"81A-1678","31","101","6926.900","01:30","00:25","13","2026-06-03 07:26:02","2026-06-03 07:27:44",13.5529245283019,100.212547169811,4.94811320754717,0.0743962264150943,116.020443396226,3.45958490566038,"Salt",8,"1 µm",NA
"81A-1678","32","101","6926.900","01:30","00:25","13","2026-06-03 07:29:01","2026-06-03 07:30:43",-54.1799056603774,100.202735849057,5.01479245283019,0.0356603773584906,17.9146698113208,0.0345660377358491,"Salt",8,"45 µm",NA
"81A-1678","29","101","6926.900","01:30","00:25","12","2026-06-03 08:20:00","2026-06-03 08:21:41",15.6004761904762,100.317238095238,3.76380952380952,1.77338095238095,89.3746571428571,0.035847619047619,"Salt",8,"Control",NA
"81A-1678","30","101","6926.900","01:30","00:25","13","2026-06-03 08:23:00","2026-06-03 08:24:42",16.0809433962264,100.255566037736,5.08702830188679,0.982537735849057,88.4821320754717,0.0357075471698113,"Salt",8,"Disturbance",NA
"81A-1678","31","101","6926.900","01:30","00:25","13","2026-06-03 08:26:01","2026-06-03 08:27:43",15.7733018867925,100.256509433962,4.94811320754717,0.0750849056603774,116.190528301887,3.46979245283019,"Salt",8,"1 µm",NA
"81A-1678","32","101","6926.900","01:30","00:25","13","2026-06-03 08:29:00","2026-06-03 08:30:42",-54.2918867924528,100.267075471698,4.96867924528302,0.0350943396226415,18.0233962264151,0.0340660377358491,"Salt",8,"45 µm",NA
"81A-1678","29","101","6926.900","01:30","00:25","12","2026-06-03 09:20:01","2026-06-03 09:21:42",18.6533333333333,100.352476190476,3.76380952380952,1.7727619047619,89.4093238095238,0.0356666666666667,"Salt",8,"Control",NA
"81A-1678","30","101","6926.900","01:30","00:25","13","2026-06-03 09:22:59","2026-06-03 09:24:41",18.5810377358491,100.293773584906,5.05188679245283,0.983839622641509,101.206283018868,0.0356603773584906,"Salt",8,"Disturbance",NA
"81A-1678","31","101","6926.900","01:30","00:25","13","2026-06-03 09:26:00","2026-06-03 09:27:42",18.3881132075472,100.28820754717,4.85471698113208,0.0743962264150943,116.656443396226,3.48902830188679,"Salt",8,"1 µm",NA
"81A-1678","32","101","6926.900","01:30","00:25","13","2026-06-03 09:28:59","2026-06-03 09:30:41",-54.407641509434,100.294811320755,4.95283018867925,0.0347735849056604,18.2082735849057,0.0331320754716981,"Salt",8,"45 µm",NA
"81A-1767","41","101","6918.900","01:30","00:25","13","2026-05-29 12:47:31","2026-05-29 12:49:13",21.6951886792453,100.623113207547,2.66475471698113,-0.530943396226415,145.481311320755,0.0349811320754717,"Fresh",11,"Control",NA
"81A-1678","29","101","6926.900","01:30","00:25","12","2026-06-03 10:20:00","2026-06-03 10:21:41",21.482380952381,100.358666666667,3.76380952380952,1.77008571428571,89.3817714285714,0.0347142857142857,"Salt",8,"Control",NA
"81A-1678","30","101","6926.900","01:30","00:25","13","2026-06-03 10:22:58","2026-06-03 10:24:40",21.0703773584906,100.297641509434,5.05188679245283,0.986415094339623,89.8459433962264,0.0346698113207547,"Salt",8,"Disturbance",NA
"81A-1678","31","101","6926.900","01:30","00:25","13","2026-06-03 10:25:59","2026-06-03 10:27:41",20.9485849056604,100.29820754717,4.85377358490566,0.0750849056603774,117.626141509434,3.52078301886792,"Salt",8,"1 µm",NA
"81A-1678","32","101","6926.900","01:30","00:25","13","2026-06-03 10:28:58","2026-06-03 10:30:40",-53.5944339622642,100.311320754717,4.95283018867925,0.0331132075471698,18.5264056603774,0.0322169811320755,"Salt",8,"45 µm",NA
"81A-1678","29","101","6926.900","01:30","00:25","12","2026-06-03 11:20:00","2026-06-03 11:21:41",22.3715238095238,100.373238095238,3.75517142857143,1.76445714285714,89.4000380952381,0.0337238095238095,"Salt",8,"Control",NA
"81A-1678","30","101","6926.900","01:30","00:25","13","2026-06-03 11:23:00","2026-06-03 11:24:42",22.9119811320755,100.312169811321,5.05188679245283,0.9865,89.2966320754717,0.0336698113207547,"Salt",8,"Disturbance",NA
"81A-1678","31","101","6926.900","01:30","00:25","13","2026-06-03 11:26:01","2026-06-03 11:27:43",22.5053773584906,100.305849056604,4.85377358490566,0.0753867924528302,118.533028301887,3.52524528301887,"Salt",8,"1 µm",NA
"81A-1678","32","101","6926.900","01:30","00:25","13","2026-06-03 11:29:01","2026-06-03 11:30:43",-53.5612264150943,100.310094339623,4.94433962264151,0.0328490566037736,18.8085566037736,0.0322547169811321,"Salt",8,"45 µm",NA
"81A-1678","29","101","6926.900","01:30","00:25","12","2026-06-03 12:20:00","2026-06-03 12:21:41",23.8340952380952,100.348476190476,3.6668,1.76007619047619,89.4045142857143,0.0325809523809524,"Salt",8,"Control",NA
"81A-1678","30","101","6926.900","01:30","00:25","13","2026-06-03 12:23:00","2026-06-03 12:24:42",24.1880188679245,100.280188679245,5.03384905660377,0.988179245283019,82.7371320754717,0.0325,"Salt",8,"Disturbance",NA
"81A-1767","43","101","6926.900","01:30","00:25","14","2026-05-29 12:50:31","2026-05-29 12:52:14",24.1557943925234,100.646542056075,2.66448598130841,0.354822429906542,145.137925233645,0.058588785046729,"Fresh",11,"1 µm",NA
"81A-1678","31","101","6926.900","01:30","00:25","13","2026-06-03 12:26:02","2026-06-03 12:27:44",23.6755660377358,100.272075471698,4.84905660377358,0.0828679245283019,120.033698113208,3.53475471698113,"Salt",8,"1 µm",NA
"81A-1678","32","101","6926.900","01:30","00:25","13","2026-06-03 12:29:01","2026-06-03 12:30:43",-52.3441509433962,100.283773584906,4.85566981132076,0.0323207547169811,19.4216226415094,0.034188679245283,"Salt",8,"45 µm",NA
"81A-1678","29","101","6926.900","01:30","00:25","12","2026-06-03 13:20:00","2026-06-03 13:21:41",25.476380952381,100.302857142857,3.6647619047619,1.75364761904762,89.5413809523809,0.0310857142857143,"Salt",8,"Control",NA
"81A-1678","30","101","6926.900","01:30","00:25","13","2026-06-03 13:23:00","2026-06-03 13:24:42",25.0750943396226,100.232547169811,4.95283018867925,0.988584905660377,73.0651886792453,0.0308962264150943,"Salt",8,"Disturbance",NA
"81A-1678","31","101","6926.900","01:30","00:25","13","2026-06-03 13:26:01","2026-06-03 13:27:43",24.4558490566038,100.23320754717,4.85188679245283,0.0752830188679245,121.021641509434,3.53090566037736,"Salt",8,"1 µm",NA
"81A-1678","32","101","6926.900","01:30","00:25","13","2026-06-03 13:29:00","2026-06-03 13:30:42",-52.8705660377358,100.245943396226,4.85377358490566,0.0350849056603774,19.4023113207547,0.0361037735849057,"Salt",8,"45 µm",NA
"81A-1678","29","101","6926.900","01:30","00:25","12","2026-06-03 14:20:00","2026-06-03 14:21:41",24.7879047619048,100.244666666667,3.6647619047619,1.74782857142857,89.6086476190476,0.0307142857142857,"Salt",8,"Control",NA
"81A-1678","30","101","6926.900","01:30","00:25","13","2026-06-03 14:23:01","2026-06-03 14:24:43",25.2989622641509,100.188396226415,4.95283018867925,0.990160377358491,90.9315471698113,0.0307169811320755,"Salt",8,"Disturbance",NA
"81A-1678","31","101","6926.900","01:30","00:25","13","2026-06-03 14:26:02","2026-06-03 14:27:44",24.8560377358491,100.182924528302,4.75980188679245,0.0752830188679245,119.857386792453,3.54574528301887,"Salt",8,"1 µm",NA
"81A-1678","32","101","6926.900","01:30","00:25","13","2026-06-03 14:29:02","2026-06-03 14:30:44",-52.8156603773585,100.192830188679,4.85377358490566,0.0339905660377358,19.6361320754717,0.0361320754716981,"Salt",8,"45 µm",NA
"81A-1767","44","101","6926.900","01:30","00:25","14","2026-05-29 12:53:32","2026-05-29 12:55:15",166.593925233645,100.644018691589,2.56448598130841,0.750224299065421,16.8067943925234,0.0767102803738318,"Fresh",11,"45 µm",NA
"81A-1678","29","101","6926.900","01:30","00:25","12","2026-06-03 15:20:00","2026-06-03 15:21:41",24.686380952381,100.174952380952,3.6647619047619,1.74414285714286,89.7943809523809,0.0306285714285714,"Salt",8,"Control",NA
"81A-1678","30","101","6926.900","01:30","00:25","13","2026-06-03 15:23:00","2026-06-03 15:24:42",25.108679245283,100.115566037736,4.95283018867925,0.989471698113208,84.5540283018868,0.0306509433962264,"Salt",8,"Disturbance",NA
"81A-1678","31","101","6926.900","01:30","00:25","13","2026-06-03 15:26:01","2026-06-03 15:27:43",24.5143396226415,100.111981132075,4.75471698113208,0.0752830188679245,121.803811320755,3.53753773584906,"Salt",8,"1 µm",NA
"81A-1678","32","101","6926.900","01:30","00:25","13","2026-06-03 15:29:00","2026-06-03 15:30:42",-53.0016037735849,100.116320754717,4.85377358490566,0.0319528301886792,19.7119433962264,0.0355754716981132,"Salt",8,"45 µm",NA
"81A-1678","29","101","6926.900","01:30","00:25","12","2026-06-03 16:20:00","2026-06-03 16:21:41",24.101619047619,100.114761904762,3.6647619047619,1.73750476190476,89.8475714285714,0.0304857142857143,"Salt",8,"Control",NA
"81A-1678","29","101","6926.9","01:30","00:25","12","2026-06-03 16:36:08","2026-06-03 16:37:49",24.0740952380952,100.151904761905,3.56571428571429,1.73552380952381,89.8415904761905,0.0306857142857143,"Salt",8,"Control",NA
"81A-1678","30","101","6926.900","01:30","00:25","13","2026-06-03 16:39:08","2026-06-03 16:40:50",24.4750943396226,100.082641509434,4.94245283018868,0.988584905660377,79.6164716981132,0.030688679245283,"Salt",8,"Disturbance",NA
"81A-1678","31","101","6926.900","01:30","00:25","13","2026-06-03 16:42:07","2026-06-03 16:43:49",23.9939622641509,100.075660377358,4.75471698113208,0.0753867924528302,121.683179245283,3.53141509433962,"Salt",8,"1 µm",NA
"81A-1678","32","101","6926.900","01:30","00:25","13","2026-06-03 16:45:06","2026-06-03 16:46:48",-52.8658490566038,100.079433962264,4.85,0.0308207547169811,19.8698773584906,0.0342547169811321,"Salt",8,"45 µm",NA
"81A-1678","50","101","6926.900","01:30","00:25","12","2026-06-03 16:48:06","2026-06-03 16:49:47",24.2341904761905,100.070857142857,4.85333333333333,0.0437809523809524,16.3838857142857,0.0307333333333333,"Salt",NA,"Control",NA
"81A-1767","40","101","6926.900","01:30","00:25","13","2026-05-29 12:56:32","2026-05-29 12:58:14",21.8502830188679,100.636981132075,2.8622641509434,0.775198113207547,141.206650943396,0.140235849056604,"Fresh",10,"45 µm",NA
"81A-1678","51","101","6926.900","01:30","00:25","12","2026-06-03 16:51:06","2026-06-03 16:52:47",24.2282857142857,100.065238095238,4.84952380952381,-0.370438095238095,14.6753333333333,0.0306952380952381,"Salt",NA,"Control",NA
"81A-1678","52","101","6926.900","01:30","00:25","12","2026-06-03 16:54:06","2026-06-03 16:55:47",24.0769523809524,100.074476190476,4.75428571428571,0.0399238095238095,45.1533238095238,0.0306666666666667,"Salt",NA,"Control",NA
"81A-1678","29","101","6926.900","01:30","00:25","12","2026-06-03 17:34:32","2026-06-03 17:36:13",23.5190476190476,100.142761904762,3.6647619047619,1.73198095238095,89.7913238095238,0.0307142857142857,"Salt",8,"Control",NA
"81A-1678","30","101","6926.900","01:30","00:25","13","2026-06-03 17:37:32","2026-06-03 17:39:14",23.8737735849057,100.048113207547,4.95283018867925,0.988292452830189,80.1604433962264,0.0307169811320755,"Salt",8,"Disturbance",NA
"81A-1678","31","101","6926.900","01:30","00:25","13","2026-06-03 17:40:33","2026-06-03 17:42:15",23.2718867924528,100.042358490566,4.75471698113208,0.0752830188679245,121.520424528302,3.52365094339623,"Salt",8,"1 µm",NA
"81A-1678","32","101","6926.900","01:30","00:25","13","2026-06-03 17:43:32","2026-06-03 17:45:14",-53.1674528301887,100.047075471698,4.85377358490566,0.0302358490566038,19.9178490566038,0.0331037735849057,"Salt",8,"45 µm",NA
"81A-1678","50","101","6926.900","01:30","00:25","12","2026-06-03 17:46:31","2026-06-03 17:48:12",23.5137142857143,100.036380952381,4.85333333333333,0.0445714285714286,16.5187714285714,0.0306857142857143,"Salt",NA,"Control",NA
"81A-1678","51","101","6926.900","01:30","00:25","13","2026-06-03 17:49:31","2026-06-03 17:51:13",23.3257547169811,100.044339622642,4.83197169811321,-0.371150943396226,14.7887358490566,0.0306792452830189,"Salt",NA,"Control",NA
"81A-1678","52","101","6926.900","01:30","00:25","12","2026-06-03 17:52:33","2026-06-03 17:54:14",23.3685714285714,100.03980952381,4.75428571428571,0.0405047619047619,52.471019047619,0.0306761904761905,"Salt",NA,"Control",NA
"81A-1678","29","101","6926.900","01:30","00:25","12","2026-06-03 18:34:32","2026-06-03 18:36:13",22.5818095238095,100.08619047619,3.6647619047619,1.72998095238095,89.8284857142857,0.0307238095238095,"Salt",8,"Control",NA
"81A-1767","38","101","6926.900","01:30","00:25","14","2026-05-29 12:59:32","2026-05-29 13:01:15",-72.0729906542056,100.641775700935,2.66355140186916,-0.515757009345794,73.2937757009346,0.118878504672897,"Fresh",10,"Disturbance",NA
"81A-1678","30","101","6926.900","01:30","00:25","13","2026-06-03 18:37:32","2026-06-03 18:39:14",22.8040566037736,100.025849056604,4.95283018867925,0.988377358490566,72.2407452830189,0.0307358490566038,"Salt",8,"Disturbance",NA
"81A-1678","31","101","6926.900","01:30","00:25","13","2026-06-03 18:40:33","2026-06-03 18:42:15",22.3070754716981,100.019056603774,4.75471698113208,0.0752830188679245,121.456150943396,3.53561320754717,"Salt",8,"1 µm",NA
"81A-1678","32","101","6926.900","01:30","00:25","13","2026-06-03 18:43:32","2026-06-03 18:45:14",-53.4429245283019,100.029056603774,4.85377358490566,0.0299245283018868,19.899641509434,0.0310754716981132,"Salt",8,"45 µm",NA
"81A-1678","50","101","6926.900","01:30","00:25","12","2026-06-03 18:46:33","2026-06-03 18:48:14",22.3042857142857,100.019619047619,4.85333333333333,0.0445714285714286,16.5389714285714,0.0307238095238095,"Salt",NA,"Control",NA
"81A-1678","51","101","6926.900","01:30","00:25","12","2026-06-03 18:49:31","2026-06-03 18:51:12",22.1310476190476,100.01819047619,4.85333333333333,-0.371428571428571,14.8434,0.0306952380952381,"Salt",NA,"Control",NA
"81A-1678","52","101","6926.900","01:30","00:25","12","2026-06-03 18:52:31","2026-06-03 18:54:12",22.1575238095238,100.02,4.77992380952381,0.0396190476190476,52.0862,0.0307047619047619,"Salt",NA,"Control",NA
"81A-1678","29","101","6926.900","01:30","00:25","12","2026-06-03 19:34:31","2026-06-03 19:36:12",21.1828571428571,100.088095238095,3.6647619047619,1.7276,90.0090761904762,0.0307619047619048,"Salt",8,"Control",NA
"81A-1678","30","101","6926.900","01:30","00:25","13","2026-06-03 19:37:31","2026-06-03 19:39:13",21.365,100.033396226415,4.95283018867925,0.986603773584906,69.1939339622642,0.0307169811320755,"Salt",8,"Disturbance",NA
"81A-1678","31","101","6926.900","01:30","00:25","13","2026-06-03 19:40:32","2026-06-03 19:42:14",20.8416037735849,100.035094339623,4.75905660377359,0.0750849056603774,121.199462264151,3.51682075471698,"Salt",8,"1 µm",NA
"81A-1678","32","101","6926.900","01:30","00:25","13","2026-06-03 19:43:31","2026-06-03 19:45:13",-53.4255660377358,100.057641509434,4.85377358490566,0.030622641509434,19.8801509433962,0.0295754716981132,"Salt",8,"45 µm",NA
"81A-1767","45","101","6926.900","01:30","00:25","14","2026-05-29 13:02:34","2026-05-29 13:04:17",-68.9606542056075,100.626355140187,2.56448598130841,0.742588785046729,16.447738317757,0.112551401869159,"Fresh",12,"Control",NA
"81A-1678","50","101","6926.900","01:30","00:25","12","2026-06-03 19:46:30","2026-06-03 19:48:11",20.7419047619048,100.039333333333,4.87184761904762,0.0437904761904762,16.4827238095238,0.0307142857142857,"Salt",NA,"Control",NA
"81A-1678","51","101","6926.900","01:30","00:25","13","2026-06-03 19:49:30","2026-06-03 19:51:12",20.5744339622642,100.049528301887,4.85377358490566,-0.372141509433962,14.8521132075472,0.0307169811320755,"Salt",NA,"Control",NA
"81A-1678","52","101","6926.900","01:30","00:25","12","2026-06-03 19:52:32","2026-06-03 19:54:13",20.5968571428571,100.043619047619,4.84952380952381,0.0386285714285714,53.1553238095238,0.0307142857142857,"Salt",NA,"Control",NA
"81A-1678","29","101","6926.900","01:30","00:25","12","2026-06-03 20:34:31","2026-06-03 20:36:12",19.3193333333333,100.118571428571,3.6647619047619,1.72561904761905,90.0464476190476,0.0312571428571429,"Salt",8,"Control",NA
"81A-1678","30","101","6926.900","01:30","00:25","13","2026-06-03 20:37:31","2026-06-03 20:39:13",19.5433962264151,100.066698113208,4.95283018867925,0.986301886792453,65.3902452830189,0.0313490566037736,"Salt",8,"Disturbance",NA
"81A-1678","31","101","6926.900","01:30","00:25","13","2026-06-03 20:40:32","2026-06-03 20:42:14",19.0474528301887,100.065094339623,4.84716981132075,0.0746132075471698,120.616943396226,3.49630188679245,"Salt",8,"1 µm",NA
"81A-1678","32","101","6926.900","01:30","00:25","13","2026-06-03 20:43:33","2026-06-03 20:45:15",-53.5457547169811,100.070566037736,4.85377358490566,0.0309150943396226,19.7297358490566,0.0296320754716981,"Salt",8,"45 µm",NA
"81A-1678","50","101","6926.900","01:30","00:25","12","2026-06-03 20:46:34","2026-06-03 20:48:15",18.889619047619,100.057428571429,4.94761904761905,0.0437904761904762,16.3521619047619,0.0312952380952381,"Salt",NA,"Control",NA
"81A-1678","51","101","6926.900","01:30","00:25","12","2026-06-03 20:49:32","2026-06-03 20:51:13",18.7308571428571,100.05580952381,4.85333333333333,-0.372419047619048,14.7966952380952,0.031247619047619,"Salt",NA,"Control",NA
"81A-1678","52","101","6926.900","01:30","00:25","13","2026-06-03 20:52:32","2026-06-03 20:54:14",18.7405660377358,100.070094339623,4.85377358490566,0.0386320754716981,52.1839528301887,0.0312169811320755,"Salt",NA,"Control",NA
"81A-1767","41","101","6918.900","01:30","00:25","13","2026-05-29 13:47:31","2026-05-29 13:49:13",21.7603773584906,100.497641509434,2.66320754716981,-0.531141509433962,145.972849056604,0.0347264150943396,"Fresh",11,"Control",NA
"81A-1678","29","101","6926.900","01:30","00:25","12","2026-06-03 21:34:31","2026-06-03 21:36:12",17.7451428571429,100.144952380952,3.6647619047619,1.72384761904762,89.9164571428571,0.0324666666666667,"Salt",8,"Control",NA
"81A-1678","30","101","6926.900","01:30","00:25","13","2026-06-03 21:37:31","2026-06-03 21:39:13",18.0059433962264,100.091132075472,5.03766037735849,0.984330188679245,68.4298679245283,0.0324339622641509,"Salt",8,"Disturbance",NA
"81A-1678","31","101","6926.900","01:30","00:25","13","2026-06-03 21:40:30","2026-06-03 21:42:12",17.451320754717,100.088301886792,4.85283018867925,0.0750849056603774,119.935905660377,3.46555660377358,"Salt",8,"1 µm",NA
"81A-1678","32","101","6926.900","01:30","00:25","13","2026-06-03 21:43:29","2026-06-03 21:45:11",-52.8888679245283,100.090849056604,4.93449056603774,0.0309339622641509,19.6569339622642,0.0300566037735849,"Salt",8,"45 µm",NA
"81A-1678","50","101","6926.900","01:30","00:25","12","2026-06-03 21:46:28","2026-06-03 21:48:09",17.3979047619048,100.07980952381,4.95142857142857,0.0435809523809524,16.172219047619,0.0323714285714286,"Salt",NA,"Control",NA
"81A-1678","51","101","6926.900","01:30","00:25","13","2026-06-03 21:49:26","2026-06-03 21:51:08",17.4461320754717,100.091037735849,4.94245283018868,-0.372349056603774,14.7048962264151,0.0323301886792453,"Salt",NA,"Control",NA
"81A-1678","52","101","6926.900","01:30","00:25","13","2026-06-03 21:52:27","2026-06-03 21:54:09",17.322641509434,100.091698113208,4.85377358490566,0.0375377358490566,51.9762075471698,0.0323584905660377,"Salt",NA,"Control",NA
"81A-1678","29","101","6926.900","01:30","00:25","12","2026-06-03 22:34:31","2026-06-03 22:36:12",16.5452380952381,100.144380952381,3.6647619047619,1.72334285714286,89.8918,0.0330857142857143,"Salt",8,"Control",NA
"81A-1678","30","101","6926.900","01:30","00:25","13","2026-06-03 22:37:31","2026-06-03 22:39:13",16.8552830188679,100.086037735849,5.05188679245283,0.984330188679245,68.2137830188679,0.0331981132075472,"Salt",8,"Disturbance",NA
"81A-1678","31","101","6926.900","01:30","00:25","13","2026-06-03 22:40:30","2026-06-03 22:42:12",16.3349056603774,100.084811320755,4.85377358490566,0.0743962264150943,118.814179245283,3.46543396226415,"Salt",8,"1 µm",NA
"81A-1652","13","101","6926.900","01:30","00:25","13","2026-06-03 17:58:31","2026-06-03 18:00:13",-68.435,99.3259433962264,5.25,2.89694339622642,97.1271320754717,0.0450660377358491,"Control",4,"Control",NA
"81A-1767","43","101","6926.900","01:30","00:25","14","2026-05-29 13:50:32","2026-05-29 13:52:15",22.7573831775701,100.519345794393,2.66355140186916,0.326943925233645,145.918934579439,0.0594485981308411,"Fresh",11,"1 µm",NA
"81A-1678","32","101","6926.900","01:30","00:25","13","2026-06-03 22:43:29","2026-06-03 22:45:11",-53.877641509434,100.089056603774,4.94905660377358,0.0328962264150943,19.3684528301887,0.031188679245283,"Salt",8,"45 µm",NA
"81A-1678","50","101","6926.900","01:30","00:25","12","2026-06-03 22:46:28","2026-06-03 22:48:09",16.2914285714286,100.079523809524,4.95238095238095,0.0434761904761905,15.9738,0.0330666666666667,"Salt",NA,"Control",NA
"81A-1678","51","101","6926.900","01:30","00:25","13","2026-06-03 22:49:26","2026-06-03 22:51:08",16.2345283018868,100.089056603774,4.95188679245283,-0.372452830188679,14.5784245283019,0.0330094339622642,"Salt",NA,"Control",NA
"81A-1678","52","101","6926.900","01:30","00:25","13","2026-06-03 22:52:27","2026-06-03 22:54:09",16.1211320754717,100.09641509434,4.85566981132076,0.0368584905660377,52.2004245283019,0.0330849056603774,"Salt",NA,"Control",NA
"81A-1678","29","101","6926.900","01:30","00:25","12","2026-06-03 23:34:31","2026-06-03 23:36:12",15.9902857142857,100.150666666667,3.68507619047619,1.72254285714286,89.8957619047619,0.034152380952381,"Salt",8,"Control",NA
"81A-1678","30","101","6926.900","01:30","00:25","13","2026-06-03 23:37:31","2026-06-03 23:39:13",16.4077358490566,100.094528301887,5.05188679245283,0.983632075471698,71.2303301886792,0.0342641509433962,"Salt",8,"Disturbance",NA
"81A-1678","31","101","6926.900","01:30","00:25","13","2026-06-03 23:40:30","2026-06-03 23:42:12",15.851320754717,100.085660377358,4.85377358490566,0.0730377358490566,118.207103773585,3.45683018867925,"Salt",8,"1 µm",NA
"81A-1678","32","101","6926.900","01:30","00:25","13","2026-06-03 23:43:31","2026-06-03 23:45:13",-54.2718867924528,100.094905660377,4.95283018867925,0.0328962264150943,19.2066698113208,0.0319150943396226,"Salt",8,"45 µm",NA
"81A-1678","50","101","6926.900","01:30","00:25","12","2026-06-03 23:46:30","2026-06-03 23:48:11",15.9142857142857,100.086666666667,4.95238095238095,0.0435809523809524,15.7977142857143,0.0340571428571429,"Salt",NA,"Control",NA
"81A-1678","51","101","6926.900","01:30","00:25","13","2026-06-03 23:49:28","2026-06-03 23:51:10",15.8652830188679,100.091226415094,4.95283018867925,-0.372452830188679,44.2212547169811,0.0339716981132075,"Salt",NA,"Control",NA
"81A-1767","44","101","6926.900","01:30","00:25","15","2026-05-29 13:53:33","2026-05-29 13:55:17",167.071388888889,100.520833333333,2.56574074074074,0.784231481481481,17.2209722222222,0.101925925925926,"Fresh",11,"45 µm",NA
"81A-1678","29","101","6926.9","01:30","00:25","12","2026-06-04 00:06:23","2026-06-04 00:08:04",15.8481904761905,100.155523809524,3.6647619047619,1.72254285714286,89.8087142857143,0.0344190476190476,"Salt",8,"Control",NA
"81A-1678","30","101","6926.900","01:30","00:25","13","2026-06-04 00:09:23","2026-06-04 00:11:05",16.2735849056604,100.081981132075,5.05188679245283,0.982858490566038,73.8981886792453,0.0344622641509434,"Salt",8,"Disturbance",NA
"81A-1678","31","101","6926.900","01:30","00:25","13","2026-06-04 00:12:25","2026-06-04 00:14:07",15.72,100.116886792453,4.85377358490566,0.10427358490566,118.034783018868,3.45970754716981,"Salt",8,"1 µm",NA
"81A-1678","32","101","6926.900","01:30","00:25","13","2026-06-04 00:15:24","2026-06-04 00:17:06",-54.2375471698113,100.083396226415,4.95283018867925,0.0328962264150943,19.1598018867925,0.0320754716981132,"Salt",8,"45 µm",NA
"81A-1678","50","101","6926.900","01:30","00:25","12","2026-06-04 00:18:23","2026-06-04 00:20:04",15.7798095238095,100.074,4.95238095238095,0.0435809523809524,15.7197047619048,0.0343047619047619,"Salt",NA,"Control",NA
"81A-1678","51","101","6926.900","01:30","00:25","13","2026-06-04 00:21:21","2026-06-04 00:23:03",15.8374528301887,100.089150943396,4.95283018867925,-0.372452830188679,59.5964245283019,0.0342547169811321,"Salt",NA,"Control",NA
"81A-1678","52","101","6926.900","01:30","00:25","13","2026-06-04 00:24:22","2026-06-04 00:26:04",15.7594339622642,100.085,4.94622641509434,0.0368584905660377,51.066,0.0342169811320755,"Salt",NA,"Control",NA
"81A-1678","29","101","6926.900","01:30","00:25","12","2026-06-04 00:27:23","2026-06-04 00:29:04",15.8839047619048,100.146952380952,3.6647619047619,1.72155238095238,89.7870380952381,0.0342380952380952,"Salt",8,"Control",NA
"81A-1678","30","101","6926.900","01:30","00:25","13","2026-06-04 00:30:23","2026-06-04 00:32:05",16.2479245283019,100.079339622642,5.03422641509434,0.983528301886792,72.9620660377359,0.0343490566037736,"Salt",8,"Disturbance",NA
"81A-1678","31","101","6926.900","01:30","00:25","13","2026-06-04 00:33:24","2026-06-04 00:35:06",15.6777358490566,100.067735849057,4.85377358490566,0.0745,116.695933962264,3.41624528301887,"Salt",8,"1 µm",NA
"81A-1767","40","101","6926.900","01:30","00:25","13","2026-05-29 13:56:34","2026-05-29 13:58:16",21.8884905660377,100.500471698113,2.8622641509434,0.776547169811321,141.215924528302,0.139660377358491,"Fresh",10,"45 µm",NA
"81A-1678","32","101","6926.900","01:30","00:25","13","2026-06-04 00:36:23","2026-06-04 00:38:05",-54.1347169811321,100.069433962264,4.94811320754717,0.0328962264150943,19.1120471698113,0.0319056603773585,"Salt",8,"45 µm",NA
"81A-1678","50","101","6926.900","01:30","00:25","12","2026-06-04 00:39:22","2026-06-04 00:41:03",15.6538095238095,100.056952380952,4.95238095238095,0.0435809523809524,15.6753619047619,0.0340666666666667,"Salt",NA,"Control",NA
"81A-1678","51","101","6926.900","01:30","00:25","13","2026-06-04 00:42:20","2026-06-04 00:44:02",15.6644339622641,100.059056603774,4.95283018867925,-0.372452830188679,59.5105094339623,0.0341132075471698,"Salt",NA,"Control",NA
"81A-1678","52","101","6926.900","01:30","00:25","13","2026-06-04 00:45:21","2026-06-04 00:47:03",15.5918867924528,100.058867924528,4.93864150943396,0.0359811320754717,50.8984716981132,0.0341509433962264,"Salt",NA,"Control",NA
"81A-1678","29","101","6926.900","01:30","00:25","12","2026-06-04 01:27:22","2026-06-04 01:29:03",15.0006666666667,100.11019047619,3.7234,1.71987619047619,89.8324761904762,0.0346761904761905,"Salt",8,"Control",NA
"81A-1678","30","101","6926.900","01:30","00:25","13","2026-06-04 01:30:21","2026-06-04 01:32:03",15.3235849056604,100.040660377358,5.05188679245283,0.982339622641509,73.1454056603774,0.0346792452830189,"Salt",8,"Disturbance",NA
"81A-1678","31","101","6926.900","01:30","00:25","13","2026-06-04 01:33:20","2026-06-04 01:35:02",14.7511320754717,100.038018867925,4.85377358490566,0.0750943396226415,117.576216981132,3.4327641509434,"Salt",8,"1 µm",NA
"81A-1678","32","101","6926.900","01:30","00:25","13","2026-06-04 01:36:21","2026-06-04 01:38:03",-54.3345283018868,100.049056603774,4.95283018867925,0.0337830188679245,18.9877735849057,0.0328207547169811,"Salt",8,"45 µm",NA
"81A-1678","50","101","6926.900","01:30","00:25","13","2026-06-04 01:39:20","2026-06-04 01:41:02",14.8635849056604,100.052924528302,4.95283018867925,0.0435849056603774,15.5408867924528,0.0346698113207547,"Salt",NA,"Control",NA
"81A-1678","51","101","6926.900","01:30","00:25","13","2026-06-04 01:42:19","2026-06-04 01:44:01",14.6511320754717,100.05141509434,4.95283018867925,-0.372452830188679,60.1107641509434,0.0346698113207547,"Salt",NA,"Control",NA
"81A-1767","38","101","6926.900","01:30","00:25","14","2026-05-29 13:59:36","2026-05-29 14:01:19",-71.9379439252336,100.503551401869,2.66448598130841,-0.424158878504673,73.3378317757009,0.121271028037383,"Fresh",10,"Disturbance",NA
"81A-1678","52","101","6926.900","01:30","00:25","13","2026-06-04 01:45:20","2026-06-04 01:47:02",14.6184905660377,100.050943396226,4.95188679245283,0.0373396226415094,51.0822452830189,0.0347075471698113,"Salt",NA,"Control",NA
"81A-1678","29","101","6926.900","01:30","00:25","12","2026-06-04 02:27:22","2026-06-04 02:29:03",14.1205714285714,100.07580952381,3.76091428571429,1.71999047619048,89.8057238095238,0.0344190476190476,"Salt",8,"Control",NA
"81A-1678","30","101","6926.900","01:30","00:25","13","2026-06-04 02:30:21","2026-06-04 02:32:03",14.4714150943396,100.007641509434,5.05188679245283,0.981650943396226,73.6855377358491,0.0344716981132075,"Salt",8,"Disturbance",NA
"81A-1678","31","101","6926.900","01:30","00:25","13","2026-06-04 02:33:20","2026-06-04 02:35:02",13.9629245283019,99.9992452830189,4.85664150943396,0.0743962264150943,117.954009433962,3.41685849056604,"Salt",8,"1 µm",NA
"81A-1678","32","101","6926.900","01:30","00:25","13","2026-06-04 02:36:19","2026-06-04 02:38:01",-54.4290566037736,100.00679245283,4.95283018867925,0.0331037735849057,18.800320754717,0.0321698113207547,"Salt",8,"45 µm",NA
"81A-1678","50","101","6926.900","01:30","00:25","12","2026-06-04 02:39:19","2026-06-04 02:41:00",14.0611428571429,99.9942857142857,4.95740952380952,0.0435809523809524,15.3820666666667,0.0343333333333333,"Salt",NA,"Control",NA
"81A-1678","51","101","6926.900","01:30","00:25","13","2026-06-04 02:42:17","2026-06-04 02:43:59",13.9447169811321,100.001698113208,4.95283018867925,-0.372650943396226,57.4688396226415,0.0343396226415094,"Salt",NA,"Control",NA
"81A-1678","52","101","6926.900","01:30","00:25","13","2026-06-04 02:45:18","2026-06-04 02:47:00",13.7743396226415,99.9998113207547,4.95283018867925,0.0362358490566038,51.3802830188679,0.0342264150943396,"Salt",NA,"Control",NA
"81A-1678","29","101","6926.900","01:30","00:25","12","2026-06-04 03:27:22","2026-06-04 03:29:03",13.4987619047619,100.051047619048,3.76380952380952,1.71957142857143,89.8654,0.0347047619047619,"Salt",8,"Control",NA
"81A-1678","30","101","6926.900","01:30","00:25","13","2026-06-04 03:30:20","2026-06-04 03:32:02",13.8459433962264,99.9928301886792,5.05188679245283,0.981547169811321,72.8118113207547,0.0346792452830189,"Salt",8,"Disturbance",NA
"81A-1767","45","101","6926.900","01:30","00:25","14","2026-05-29 14:02:36","2026-05-29 14:04:19",-68.9194392523364,100.493644859813,2.56355140186916,0.735906542056075,16.5537757009346,0.112504672897196,"Fresh",12,"Control",NA
"81A-1678","31","101","6926.900","01:30","00:25","13","2026-06-04 03:33:22","2026-06-04 03:35:04",13.3217924528302,99.9827358490566,4.91478301886792,0.0723962264150943,117.496556603774,3.42580188679245,"Salt",8,"1 µm",NA
"81A-1678","32","101","6926.900","01:30","00:25","13","2026-06-04 03:36:21","2026-06-04 03:38:03",-54.4617924528302,99.9942452830189,4.95283018867925,0.0346698113207547,18.682179245283,0.0330283018867925,"Salt",8,"45 µm",NA
"81A-1678","50","101","6926.900","01:30","00:25","12","2026-06-04 03:39:22","2026-06-04 03:41:03",13.4827619047619,99.9844761904762,4.99755238095238,0.0435809523809524,15.223819047619,0.0346857142857143,"Salt",NA,"Control",NA
"81A-1678","51","101","6926.900","01:30","00:25","13","2026-06-04 03:42:20","2026-06-04 03:44:02",13.3766037735849,99.9935849056604,4.95283018867925,-0.373443396226415,54.684,0.034688679245283,"Salt",NA,"Control",NA
"81A-1678","52","101","6926.900","01:30","00:25","13","2026-06-04 03:45:21","2026-06-04 03:47:03",13.2459433962264,99.995,4.95283018867925,0.0366509433962264,51.1994245283019,0.0346792452830189,"Salt",NA,"Control",NA
"81A-1678","29","101","6926.900","01:30","00:25","12","2026-06-04 04:27:22","2026-06-04 04:29:03",13.2125714285714,100.070857142857,3.76380952380952,1.71938095238095,89.8304380952381,0.0350095238095238,"Salt",8,"Control",NA
"81A-1678","30","101","6926.900","01:30","00:25","13","2026-06-04 04:30:20","2026-06-04 04:32:02",13.5752830188679,100.013490566038,5.05188679245283,0.980877358490566,72.4703962264151,0.0350283018867925,"Salt",8,"Disturbance",NA
"81A-1678","31","101","6926.900","01:30","00:25","13","2026-06-04 04:33:19","2026-06-04 04:35:01",13.1133962264151,100.012075471698,4.94716037735849,0.0743962264150943,117.061396226415,3.42082075471698,"Salt",8,"1 µm",NA
"81A-1678","32","101","6926.900","01:30","00:25","13","2026-06-04 04:36:18","2026-06-04 04:38:00",-54.4648113207547,100.01858490566,4.95377358490566,0.0347735849056604,18.5535660377358,0.033122641509434,"Salt",8,"45 µm",NA
"81A-1678","50","101","6926.900","01:30","00:25","13","2026-06-04 04:39:19","2026-06-04 04:41:01",13.1338679245283,100.01641509434,5.04150943396226,0.0435849056603774,15.0815,0.0348018867924528,"Salt",NA,"Control",NA
"81A-1767","41","101","6918.900","01:30","00:25","13","2026-05-29 14:47:31","2026-05-29 14:49:13",21.9700943396226,100.376226415094,2.6622641509434,-0.531830188679245,146.24129245283,0.0346792452830189,"Fresh",11,"Control",NA
"81A-1678","51","101","6926.900","01:30","00:25","13","2026-06-04 04:42:18","2026-06-04 04:44:00",13.1054716981132,100.023962264151,4.95472641509434,-0.373443396226415,54.2440754716981,0.0348207547169811,"Salt",NA,"Control",NA
"81A-1678","52","101","6926.900","01:30","00:25","13","2026-06-04 04:45:19","2026-06-04 04:47:01",13.0366981132075,100.015471698113,4.95283018867925,0.0366509433962264,50.8680283018868,0.0347358490566038,"Salt",NA,"Control",NA
"81A-1678","29","101","6926.900","01:30","00:25","12","2026-06-04 05:27:22","2026-06-04 05:29:03",13.0313333333333,100.056285714286,3.76380952380952,1.71790476190476,89.8324857142857,0.0355428571428571,"Salt",8,"Control",NA
"81A-1678","30","101","6926.900","01:30","00:25","13","2026-06-04 05:30:22","2026-06-04 05:32:04",13.4,99.9967924528302,5.05779245283019,0.980660377358491,73.1477358490566,0.0355849056603774,"Salt",8,"Disturbance",NA
"81A-1678","31","101","6926.900","01:30","00:25","13","2026-06-04 05:33:21","2026-06-04 05:35:03",12.9101886792453,99.992358490566,4.94433018867925,0.0755,116.697933962264,3.43419811320755,"Salt",8,"1 µm",NA
"81A-1678","32","101","6926.900","01:30","00:25","13","2026-06-04 05:36:20","2026-06-04 05:38:02",-54.36,100.000283018868,4.96329245283019,0.0347735849056604,18.3897547169811,0.0335094339622642,"Salt",8,"45 µm",NA
"81A-1678","50","101","6926.900","01:30","00:25","13","2026-06-04 05:39:20","2026-06-04 05:41:02",12.9899056603774,100.000566037736,5.04622641509434,0.0434811320754717,14.9520660377358,0.0354811320754717,"Salt",NA,"Control",NA
"81A-1678","51","101","6926.900","01:30","00:25","13","2026-06-04 05:42:19","2026-06-04 05:44:01",12.9633962264151,100.004245283019,4.9683679245283,-0.373443396226415,55.1597358490566,0.0354433962264151,"Salt",NA,"Control",NA
"81A-1678","52","101","6926.900","01:30","00:25","13","2026-06-04 05:45:20","2026-06-04 05:47:02",12.9933962264151,100.007547169811,4.95283018867925,0.0366509433962264,52.0155754716981,0.0353207547169811,"Salt",NA,"Control",NA
"81A-1678","29","101","6926.900","01:30","00:25","12","2026-06-04 06:27:22","2026-06-04 06:29:03",13.3026666666667,100.08019047619,3.76380952380952,1.71759047619048,89.7773619047619,0.0356761904761905,"Salt",8,"Control",NA
"81A-1767","43","101","6926.900","01:30","00:25","14","2026-05-29 14:50:31","2026-05-29 14:52:14",22.4151401869159,100.403177570093,2.66448598130841,0.354654205607477,146.219523364486,0.0582056074766355,"Fresh",11,"1 µm",NA
"81A-1678","30","101","6926.900","01:30","00:25","13","2026-06-04 06:30:20","2026-06-04 06:32:02",13.6867924528302,100.022452830189,5.09468867924528,0.980660377358491,72.5625849056604,0.0356698113207547,"Salt",8,"Disturbance",NA
"81A-1678","31","101","6926.900","01:30","00:25","13","2026-06-04 06:33:19","2026-06-04 06:35:01",13.2246226415094,100.017075471698,4.95094339622641,0.0755,116.43570754717,3.43528301886792,"Salt",8,"1 µm",NA
"81A-1678","32","101","6926.900","01:30","00:25","13","2026-06-04 06:36:18","2026-06-04 06:38:00",-54.3277358490566,100.027358490566,4.98519811320755,0.0347735849056604,18.2994245283019,0.0338301886792453,"Salt",8,"45 µm",NA
"81A-1678","50","101","6926.900","01:30","00:25","13","2026-06-04 06:39:17","2026-06-04 06:40:59",13.4266037735849,100.024528301887,5.04811320754717,0.0435849056603774,14.854320754717,0.0356603773584906,"Salt",NA,"Control",NA
"81A-1678","51","101","6926.900","01:30","00:25","13","2026-06-04 06:42:16","2026-06-04 06:43:58",13.4597169811321,100.023773584906,4.98738679245283,-0.373443396226415,54.4553962264151,0.0356603773584906,"Salt",NA,"Control",NA
"81A-1678","52","101","6926.900","01:30","00:25","13","2026-06-04 06:45:17","2026-06-04 06:46:59",13.4932075471698,100.031037735849,4.95283018867925,0.035877358490566,52.2312452830189,0.0356603773584906,"Salt",NA,"Control",NA
"81A-1678","29","101","6926.900","01:30","00:25","12","2026-06-04 07:27:22","2026-06-04 07:29:03",14.5415238095238,100.099047619048,3.76380952380952,1.7166,89.7561714285714,0.0356952380952381,"Salt",8,"Control",NA
"81A-1678","30","101","6926.900","01:30","00:25","13","2026-06-04 07:30:22","2026-06-04 07:32:04",15.0983962264151,100.046132075472,5.06579245283019,0.981547169811321,72.4653018867924,0.0356603773584906,"Salt",8,"Disturbance",NA
"81A-1678","31","101","6926.900","01:30","00:25","13","2026-06-04 07:33:21","2026-06-04 07:35:03",14.7687735849057,100.052075471698,4.94905660377358,0.0753301886792453,116.298811320755,3.45705660377359,"Salt",8,"1 µm",NA
"81A-1678","32","101","6926.900","01:30","00:25","13","2026-06-04 07:36:21","2026-06-04 07:38:03",-54.2296226415094,100.049150943396,4.96249056603774,0.0349905660377358,18.3293018867925,0.0338679245283019,"Salt",8,"45 µm",NA
"81A-1767","44","101","6926.900","01:30","00:25","15","2026-05-29 14:53:33","2026-05-29 14:55:17",167.376203703704,100.40712962963,2.56574074074074,0.782092592592593,17.4653888888889,0.0777592592592593,"Fresh",11,"45 µm",NA
"81A-1678","50","101","6926.900","01:30","00:25","12","2026-06-04 07:39:21","2026-06-04 07:41:02",15.0992380952381,100.037333333333,5.04190476190476,0.0435809523809524,14.8431619047619,0.0356571428571429,"Salt",NA,"Control",NA
"81A-1678","51","101","6926.900","01:30","00:25","13","2026-06-04 07:42:21","2026-06-04 07:44:03",15.1901886792453,100.048018867925,4.95472641509434,-0.373443396226415,54.2775283018868,0.0356603773584906,"Salt",NA,"Control",NA
"81A-1678","52","101","6926.900","01:30","00:25","13","2026-06-04 07:45:22","2026-06-04 07:47:04",15.2822641509434,100.05358490566,4.95283018867925,0.0365471698113208,52.1596886792453,0.0356603773584906,"Salt",NA,"Control",NA
"81A-1678","29","101","6926.900","01:30","00:25","12","2026-06-04 08:27:22","2026-06-04 08:29:03",17.8418095238095,100.11019047619,3.76380952380952,1.71680952380952,89.7489809523809,0.0356857142857143,"Salt",8,"Control",NA
"81A-1678","30","101","6926.900","01:30","00:25","13","2026-06-04 08:30:22","2026-06-04 08:32:04",18.2979245283019,100.048679245283,5.05188679245283,0.983424528301887,72.909820754717,0.0356603773584906,"Salt",8,"Disturbance",NA
"81A-1678","31","101","6926.900","01:30","00:25","12","2026-06-04 08:33:21","2026-06-04 08:35:02",18.0415238095238,100.038666666667,4.89614285714286,0.0836761904761905,115.918133333333,3.49628571428571,"Salt",8,"1 µm",NA
"81A-1678","32","101","6926.900","01:30","00:25","13","2026-06-04 08:36:19","2026-06-04 08:38:01",-54.1304716981132,100.051698113208,4.95283018867925,0.0347735849056604,18.5058018867925,0.0331603773584906,"Salt",8,"45 µm",NA
"81A-1678","50","101","6926.900","01:30","00:25","13","2026-06-04 08:39:18","2026-06-04 08:41:00",18.1902830188679,100.050849056604,4.98355660377359,0.0430754716981132,14.9981698113208,0.0353867924528302,"Salt",NA,"Control",NA
"81A-1678","51","101","6926.900","01:30","00:25","13","2026-06-04 08:42:17","2026-06-04 08:43:59",18.1745283018868,100.056320754717,4.95283018867925,-0.372452830188679,54.0775094339623,0.0350754716981132,"Salt",NA,"Control",NA
"81A-1678","52","101","6926.900","01:30","00:25","13","2026-06-04 08:45:19","2026-06-04 08:47:01",18.3656603773585,100.06179245283,4.95283018867925,0.0365471698113208,52.3866226415094,0.0348301886792453,"Salt",NA,"Control",NA
"81A-1767","40","101","6926.900","01:30","00:25","13","2026-05-29 14:56:34","2026-05-29 14:58:16",22.2490566037736,100.390660377358,2.8628679245283,0.776443396226415,141.248405660377,0.139188679245283,"Fresh",10,"45 µm",NA
"81A-1678","29","101","6926.900","01:30","00:25","12","2026-06-04 09:27:22","2026-06-04 09:29:03",20.8095238095238,100.106285714286,3.76380952380952,1.71359047619048,89.7995523809524,0.0347333333333333,"Salt",8,"Control",NA
"81A-1678","30","101","6926.900","01:30","00:25","13","2026-06-04 09:30:22","2026-06-04 09:32:04",20.9396226415094,100.048962264151,5.05188679245283,0.984518867924528,72.4187547169811,0.0346792452830189,"Salt",8,"Disturbance",NA
"81A-1678","31","101","6926.900","01:30","00:25","13","2026-06-04 09:33:21","2026-06-04 09:35:03",20.5871698113208,100.040660377358,4.85377358490566,0.0739433962264151,115.312537735849,3.54001886792453,"Salt",8,"1 µm",NA
"81A-1678","32","101","6926.900","01:30","00:25","13","2026-06-04 09:36:22","2026-06-04 09:38:04",-53.6028301886792,100.050849056604,4.95283018867925,0.0328962264150943,18.7854528301887,0.0322735849056604,"Salt",8,"45 µm",NA
"81A-1678","50","101","6926.900","01:30","00:25","12","2026-06-04 09:39:22","2026-06-04 09:41:03",21.1371428571429,100.039619047619,4.95238095238095,0.0420095238095238,15.2675142857143,0.0346666666666667,"Salt",NA,"Control",NA
"81A-1678","51","101","6926.900","01:30","00:25","13","2026-06-04 09:42:20","2026-06-04 09:44:02",21.1146226415094,100.046509433962,4.95283018867925,-0.372452830188679,54.887858490566,0.0346698113207547,"Salt",NA,"Control",NA
"81A-1767","38","101","6926.900","01:30","00:25","14","2026-05-29 14:59:33","2026-05-29 15:01:16",-71.7185046728972,100.395514018692,2.66448598130841,-0.512579439252337,73.4392523364486,0.121289719626168,"Fresh",10,"Disturbance",NA
"81A-1652","14","101","6926.900","01:30","00:25","12","2026-06-03 18:01:30","2026-06-03 18:03:11",-70.2204761904762,99.3652380952381,5.34666666666667,2.7636380952381,88.6702666666667,0.0417142857142857,"Control",4,"Disturbance",NA
"81A-1767","45","101","6926.900","01:30","00:25","14","2026-05-29 15:02:33","2026-05-29 15:04:16",-68.7489719626168,100.378691588785,2.56448598130841,0.715551401869159,16.6399813084112,0.113299065420561,"Fresh",12,"Control",NA
"81A-1767","41","101","6918.900","01:30","00:25","13","2026-05-29 15:47:31","2026-05-29 15:49:13",21.6007547169811,100.299905660377,2.64866981132075,-0.531830188679245,146.387433962264,0.0346698113207547,"Fresh",11,"Control",NA
"81A-1767","43","101","6926.900","01:30","00:25","14","2026-05-29 15:50:32","2026-05-29 15:52:15",22.0636448598131,100.327663551402,2.66355140186916,0.354345794392523,146.403775700935,0.057588785046729,"Fresh",11,"1 µm",NA
"81A-1767","44","101","6926.900","01:30","00:25","15","2026-05-29 15:53:34","2026-05-29 15:55:18",168.58712962963,100.340185185185,2.56388888888889,0.740694444444444,17.5134907407407,0.0748333333333333,"Fresh",11,"45 µm",NA
"81A-1767","40","101","6926.900","01:30","00:25","13","2026-05-29 15:56:35","2026-05-29 15:58:17",21.9464150943396,100.325,2.86192452830189,0.776443396226415,141.025566037736,0.139132075471698,"Fresh",10,"45 µm",NA
"81A-1767","38","101","6926.900","01:30","00:25","14","2026-05-29 15:59:35","2026-05-29 16:01:18",-71.2561682242991,100.328785046729,2.66321495327103,-0.50996261682243,73.561046728972,0.120252336448598,"Fresh",10,"Disturbance",NA
"81A-1767","45","101","6926.900","01:30","00:25","14","2026-05-29 16:02:35","2026-05-29 16:04:18",-68.4445794392523,100.318598130841,2.56414953271028,0.678028037383178,16.7345046728972,0.112869158878505,"Fresh",12,"Control",NA
"81A-1767","41","101","6918.900","01:30","00:25","13","2026-05-29 16:47:31","2026-05-29 16:49:13",21.698679245283,100.217358490566,2.66225471698113,-0.531830188679245,146.417386792453,0.0346698113207547,"Fresh",11,"Control",NA
"81A-1767","43","101","6926.900","01:30","00:25","14","2026-05-29 16:50:32","2026-05-29 16:52:15",22.0357009345794,100.240560747664,2.66448598130841,0.352570093457944,146.460635514019,0.0571121495327103,"Fresh",11,"1 µm",NA
"81A-1767","44","101","6926.900","01:30","00:25","14","2026-05-29 16:53:33","2026-05-29 16:55:16",168.243551401869,100.232803738318,2.56448598130841,0.762869158878505,17.5349626168224,0.0769719626168224,"Fresh",11,"45 µm",NA
"81A-1652","15","101","6926.900","01:30","00:25","13","2026-06-03 18:04:30","2026-06-03 18:06:12",23.0589622641509,99.3490566037736,5.25,2.77615094339623,149.399867924528,0.0423679245283019,"Control",4,"1 µm",NA
"81A-1767","40","101","6926.900","01:30","00:25","13","2026-05-29 16:56:33","2026-05-29 16:58:15",21.6180188679245,100.226132075472,2.8622641509434,0.775094339622642,141.097575471698,0.139216981132075,"Fresh",10,"45 µm",NA
"81A-1767","38","101","6926.900","01:30","00:25","14","2026-05-29 16:59:33","2026-05-29 17:01:16",-72.1873831775701,100.231495327103,2.66448598130841,-0.517532710280374,73.2928317757009,0.123841121495327,"Fresh",10,"Disturbance",NA
"81A-1767","45","101","6926.900","01:30","00:25","14","2026-05-29 17:02:35","2026-05-29 17:04:18",-68.0873831775701,100.216822429907,2.56915887850467,0.816401869158878,16.7944112149533,0.113420560747664,"Fresh",12,"Control",NA
"81A-1767","41","101","6918.900","01:30","00:25","13","2026-05-29 17:47:31","2026-05-29 17:49:13",21.4060377358491,100.113113207547,2.66381132075472,-0.531830188679245,146.283226415094,0.0346792452830189,"Fresh",11,"Control",NA
"81A-1767","43","101","6926.900","01:30","00:25","14","2026-05-29 17:50:32","2026-05-29 17:52:15",21.6495327102804,100.135046728972,2.66542056074766,0.351542056074766,146.280476635514,0.0571869158878505,"Fresh",11,"1 µm",NA
"81A-1767","44","101","6926.900","01:30","00:25","14","2026-05-29 17:53:34","2026-05-29 17:55:17",168.022523364486,100.128224299065,2.56448598130841,0.757355140186916,17.5522803738318,0.0780467289719626,"Fresh",11,"45 µm",NA
"81A-1767","40","101","6926.900","01:30","00:25","13","2026-05-29 17:56:34","2026-05-29 17:58:16",21.7310377358491,100.118301886792,2.86509433962264,0.775518867924528,141.200405660377,0.138849056603774,"Fresh",10,"45 µm",NA
"81A-1767","38","101","6926.900","01:30","00:25","14","2026-05-29 17:59:35","2026-05-29 18:01:18",-72.2095327102804,100.125140186916,2.66448598130841,-0.450261682242991,73.2071962616822,0.122196261682243,"Fresh",10,"Disturbance",NA
"81A-1767","45","101","6926.900","01:30","00:25","14","2026-05-29 18:02:37","2026-05-29 18:04:20",-69.1696261682243,100.118037383178,2.56915887850467,0.776102803738318,16.859,0.113934579439252,"Fresh",12,"Control",NA
"81A-1767","41","101","6918.900","01:30","00:25","13","2026-05-29 18:47:31","2026-05-29 18:49:13",21.5199056603774,100.033773584906,2.64887735849057,-0.531830188679245,146.19441509434,0.0346981132075472,"Fresh",11,"Control",NA
"81A-1652","16","101","6926.900","01:30","00:25","12","2026-06-03 18:07:29","2026-06-03 18:09:10",22.5632380952381,99.6334285714286,5.05142857142857,2.76441904761905,20.3112476190476,0.0364095238095238,"Control",4,"45 µm",NA
"81A-1767","43","101","6926.900","01:30","00:25","14","2026-05-29 18:50:32","2026-05-29 18:52:15",21.7906542056075,100.057570093458,2.66355140186916,0.350654205607477,146.115934579439,0.0570934579439252,"Fresh",11,"1 µm",NA
"81A-1767","44","101","6926.900","01:30","00:25","15","2026-05-29 18:53:34","2026-05-29 18:55:18",167.80537037037,100.062962962963,2.56388888888889,0.747518518518519,17.652712962963,0.07325,"Fresh",11,"45 µm",NA
"81A-1767","40","101","6926.900","01:30","00:25","13","2026-05-29 18:56:35","2026-05-29 18:58:17",21.6954716981132,100.044433962264,2.85943396226415,0.776443396226415,141.197622641509,0.138707547169811,"Fresh",10,"45 µm",NA
"81A-1767","38","101","6926.900","01:30","00:25","14","2026-05-29 18:59:36","2026-05-29 19:01:19",-72.1530841121495,100.048037383178,2.66448598130841,-0.518728971962617,73.2971308411215,0.120710280373832,"Fresh",10,"Disturbance",NA
"81A-1767","45","101","6926.900","01:30","00:25","14","2026-05-29 19:02:37","2026-05-29 19:04:20",-69.1754205607477,100.03738317757,2.56261682242991,0.775897196261682,16.8975700934579,0.118700934579439,"Fresh",12,"Control",NA
"81A-1767","41","101","6918.900","01:30","00:25","13","2026-05-29 19:47:31","2026-05-29 19:49:13",20.7283962264151,99.9599056603774,2.66320754716981,-0.531830188679245,146.1815,0.0347075471698113,"Fresh",11,"Control",NA
"81A-1767","43","101","6926.900","01:30","00:25","14","2026-05-29 19:50:31","2026-05-29 19:52:14",20.8860747663551,99.9868224299065,2.66448598130841,0.351682242990654,146.139345794393,0.0568130841121495,"Fresh",11,"1 µm",NA
"81A-1767","44","101","6926.900","01:30","00:25","36","2026-05-29 19:53:32","2026-05-29 19:55:37",156.204418604651,100.149147286822,2.57209302325581,0.0853565891472868,26.933984496124,0.111232558139535,"Fresh",11,"45 µm",NA
"81A-1767","40","101","6926.900","01:30","00:25","13","2026-05-29 19:56:54","2026-05-29 19:58:36",20.7628301886792,99.9804716981132,2.86320754716981,0.776443396226415,141.227981132075,0.138094339622642,"Fresh",10,"45 µm",NA
"81A-1767","38","101","6926.900","01:30","00:25","14","2026-05-29 19:59:55","2026-05-29 20:01:38",-72.1092523364486,99.9860747663551,2.66542056074766,-0.522485981308411,73.3157289719626,0.121514018691589,"Fresh",10,"Disturbance",NA
"81A-1652","49","101","6926.900","01:30","00:25","13","2026-06-03 18:10:28","2026-06-03 18:12:10",22.7994339622642,99.3649056603774,5.332,0.0318018867924528,87.8201981132075,0.0375283018867925,"Control",NA,"Control",NA
"81A-1767","45","101","6926.900","01:30","00:25","14","2026-05-29 20:02:57","2026-05-29 20:04:40",-69.0814018691589,99.9793457943925,2.56915887850467,0.737551401869159,16.9172897196262,0.11303738317757,"Fresh",12,"Control",NA
"81A-1767","41","101","6918.900","01:30","00:25","13","2026-05-29 20:47:31","2026-05-29 20:49:13",19.3370754716981,99.9569811320755,2.6622641509434,-0.531141509433962,145.986943396226,0.0347358490566038,"Fresh",11,"Control",NA
"81A-1767","43","101","6926.900","01:30","00:25","14","2026-05-29 20:50:31","2026-05-29 20:52:14",19.45,99.9846728971963,2.66448598130841,0.350794392523364,145.913757009346,0.0568317757009346,"Fresh",11,"1 µm",NA
"81A-1767","44","101","6926.900","01:30","00:25","14","2026-05-29 20:53:32","2026-05-29 20:55:15",166.66953271028,99.9885981308411,2.56542056074766,0.780691588785047,17.490738317757,0.0665046728971963,"Fresh",11,"45 µm",NA
"81A-1767","40","101","6926.900","01:30","00:25","13","2026-05-29 20:56:32","2026-05-29 20:58:14",19.1500943396226,99.9827358490566,2.8622641509434,0.775509433962264,141.212150943396,0.136933962264151,"Fresh",10,"45 µm",NA
"81A-1767","38","101","6926.900","01:30","00:25","14","2026-05-29 20:59:31","2026-05-29 21:01:14",-72.0951401869159,99.9934579439252,2.66448598130841,-0.527130841121495,73.4267757009346,0.119252336448598,"Fresh",10,"Disturbance",NA
"81A-1767","45","101","6926.900","01:30","00:25","14","2026-05-29 21:02:31","2026-05-29 21:04:14",-69.2684112149533,99.988785046729,2.56822429906542,0.729532710280374,16.9021588785047,0.111841121495327,"Fresh",12,"Control",NA
"81A-1767","41","101","6918.900","01:30","00:25","13","2026-05-29 21:47:31","2026-05-29 21:49:13",18.061320754717,99.9809433962264,2.66320754716981,-0.531132075471698,145.588603773585,0.0348962264150943,"Fresh",11,"Control",NA
"81A-1767","43","101","6926.900","01:30","00:25","14","2026-05-29 21:50:32","2026-05-29 21:52:15",18.2210280373832,100.009813084112,2.66448598130841,0.350691588785047,145.449672897196,0.0574392523364486,"Fresh",11,"1 µm",NA
"81A-1767","44","101","6926.900","01:30","00:25","14","2026-05-29 21:53:33","2026-05-29 21:55:16",165.917943925234,100.009813084112,2.56448598130841,0.781,17.4155794392523,0.0619626168224299,"Fresh",11,"45 µm",NA
"81A-1652","13","101","6926.900","01:30","00:25","13","2026-06-03 18:58:31","2026-06-03 19:00:13",-69.1457547169811,99.3497169811321,5.25,2.89538679245283,97.1049716981132,0.0385471698113208,"Control",4,"Control",NA
"81A-1767","40","101","6926.900","01:30","00:25","13","2026-05-29 21:56:33","2026-05-29 21:58:15",18.0132075471698,100.006698113208,2.8622641509434,0.774632075471698,141.344226415094,0.135094339622642,"Fresh",10,"45 µm",NA
"81A-1767","38","101","6926.900","01:30","00:25","14","2026-05-29 21:59:32","2026-05-29 22:01:15",-72.0915887850467,100.017663551402,2.66355140186916,-0.53088785046729,73.2173177570093,0.123794392523364,"Fresh",10,"Disturbance",NA
"81A-1767","45","101","6926.900","01:30","00:25","14","2026-05-29 22:02:32","2026-05-29 22:04:15",-69.1409345794392,100.008224299065,2.56728971962617,0.815682242990654,16.8565514018692,0.110990654205607,"Fresh",12,"Control",NA
"81A-1767","41","101","6918.900","01:30","00:25","13","2026-05-29 22:47:31","2026-05-29 22:49:13",17.4419811320755,99.9743396226415,2.66509433962264,-0.530839622641509,145.055575471698,0.0355094339622642,"Fresh",11,"Control",NA
"81A-1767","43","101","6926.900","01:30","00:25","14","2026-05-29 22:50:32","2026-05-29 22:52:15",17.5017757009346,100.007476635514,2.6682523364486,0.302990654205607,144.963018691589,0.0581495327102804,"Fresh",11,"1 µm",NA
"81A-1767","44","101","6926.900","01:30","00:25","14","2026-05-29 22:53:33","2026-05-29 22:55:16",166.009345794393,100.009439252336,2.56542056074766,0.767738317757009,17.3101308411215,0.0604018691588785,"Fresh",11,"45 µm",NA
"81A-1767","40","101","6926.900","01:30","00:25","13","2026-05-29 22:56:33","2026-05-29 22:58:15",17.3217924528302,100.004905660377,2.8688679245283,0.775405660377358,141.433349056604,0.135301886792453,"Fresh",10,"45 µm",NA
"81A-1767","38","101","6926.900","01:30","00:25","14","2026-05-29 22:59:34","2026-05-29 23:01:17",-71.6885046728972,100.013831775701,2.66448598130841,-0.531878504672897,73.3193831775701,0.124018691588785,"Fresh",10,"Disturbance",NA
"81A-1767","45","101","6926.900","01:30","00:25","14","2026-05-29 23:02:34","2026-05-29 23:04:17",-68.9285981308411,100.006261682243,2.56542056074766,0.809102803738318,16.786214953271,0.110794392523364,"Fresh",12,"Control",NA
"81A-1767","41","101","6918.900","01:30","00:25","13","2026-05-29 23:47:31","2026-05-29 23:49:13",17.2079245283019,99.9871698113208,2.66415094339623,-0.530839622641509,144.566481132075,0.0357264150943396,"Fresh",11,"Control",NA
"81A-1652","14","101","6926.900","01:30","00:25","12","2026-06-03 19:01:32","2026-06-03 19:03:13",-70.7251428571429,99.3873333333333,5.34857142857143,2.7629619047619,88.6135714285714,0.0458666666666667,"Control",4,"Disturbance",NA
"81A-1767","43","101","6926.900","01:30","00:25","14","2026-05-29 23:50:32","2026-05-29 23:52:15",17.211214953271,100.014953271028,2.66448598130841,0.350485981308411,144.47485046729,0.0576542056074766,"Fresh",11,"1 µm",NA
"81A-1767","44","101","6926.900","01:30","00:25","14","2026-05-29 23:53:34","2026-05-29 23:55:17",165.009252336449,100.017757009346,2.56542056074766,0.758897196261682,17.2009906542056,0.0593177570093458,"Fresh",11,"45 µm",NA
"81A-1767","40","101","6926.900","01:30","00:25","13","2026-05-29 23:56:34","2026-05-29 23:58:16",17.0332075471698,100.014433962264,2.86603773584906,0.775716981132076,141.357349056604,0.134103773584906,"Fresh",10,"45 µm",NA
"81A-1767","38","101","6926.900","01:30","00:25","14","2026-05-29 23:59:35","2026-05-30 00:01:18",-72.5660747663551,100.025046728972,2.66448598130841,-0.531878504672897,73.218476635514,0.12092523364486,"Fresh",10,"Disturbance",NA
"81A-1767","41","101","6918.9","01:30","00:25","13","2026-05-30 00:05:37","2026-05-30 00:07:19",17.2056603773585,100.022075471698,2.66509433962264,-0.530943396226415,144.600962264151,0.0356698113207547,"Fresh",11,"Control",NA
"81A-1767","43","101","6926.900","01:30","00:25","14","2026-05-30 00:08:38","2026-05-30 00:10:21",17.2488785046729,100.039719626168,2.66448598130841,0.350280373831776,144.560140186916,0.057607476635514,"Fresh",11,"1 µm",NA
"81A-1767","44","101","6926.900","01:30","00:25","14","2026-05-30 00:11:40","2026-05-30 00:13:24",165.161495327103,100.038130841122,2.56448598130841,0.752766355140187,17.1683738317757,0.0586448598130841,"Fresh",11,"45 µm",NA
"81A-1767","40","101","6926.900","01:30","00:25","13","2026-05-30 00:14:41","2026-05-30 00:16:23",16.9227358490566,100.029339622642,2.86698113207547,0.775415094339623,141.455764150943,0.131924528301887,"Fresh",10,"45 µm",NA
"81A-1767","38","101","6926.900","01:30","00:25","14","2026-05-30 00:17:40","2026-05-30 00:19:23",-72.4454205607477,100.037663551402,2.66355140186916,-0.531878504672897,73.2018504672897,0.11985046728972,"Fresh",10,"Disturbance",NA
"81A-1767","45","101","6926.900","01:30","00:25","14","2026-05-30 00:20:41","2026-05-30 00:22:24",-69.6381308411215,100.029719626168,2.56822429906542,0.766233644859813,16.6897476635514,0.113364485981308,"Fresh",12,"Control",NA
"81A-1652","15","101","6926.900","01:30","00:25","13","2026-06-03 19:04:32","2026-06-03 19:06:14",20.4777358490566,99.3742452830189,5.25,2.7732358490566,149.002518867925,0.0433584905660377,"Control",4,"1 µm",NA
"81A-1767","41","101","6918.900","01:30","00:25","13","2026-05-30 00:23:45","2026-05-30 00:25:27",17.0245283018868,100.024716981132,2.6628679245283,-0.487245283018868,144.656311320755,0.0356792452830189,"Fresh",11,"Control",NA
"81A-1767","43","101","6926.900","01:30","00:25","14","2026-05-30 00:26:46","2026-05-30 00:28:29",17.1975700934579,100.034299065421,2.66448598130841,0.349700934579439,144.700140186916,0.0572523364485981,"Fresh",11,"1 µm",NA
"81A-1767","44","101","6926.900","01:30","00:25","14","2026-05-30 00:29:47","2026-05-30 00:31:30",164.872990654206,100.02691588785,2.56542056074766,0.78192523364486,17.1373644859813,0.0578691588785047,"Fresh",11,"45 µm",NA
"81A-1767","40","101","6926.900","01:30","00:25","13","2026-05-30 00:32:47","2026-05-30 00:34:29",17.0511320754717,100.016226415094,2.86603773584906,0.77411320754717,141.492933962264,0.131141509433962,"Fresh",10,"45 µm",NA
"81A-1767","38","101","6926.900","01:30","00:25","14","2026-05-30 00:35:47","2026-05-30 00:37:30",-72.2200934579439,100.021962616822,2.66448598130841,-0.531570093457944,73.2943364485981,0.119841121495327,"Fresh",10,"Disturbance",NA
"81A-1767","45","101","6926.900","01:30","00:25","14","2026-05-30 00:38:47","2026-05-30 00:40:30",-69.3733644859813,100.011869158878,2.56822429906542,0.707532710280374,16.7756542056075,0.117383177570093,"Fresh",12,"Control",NA
"81A-1767","41","101","6918.900","01:30","00:25","13","2026-05-30 01:23:43","2026-05-30 01:25:25",16.9666037735849,99.9300943396226,2.66415094339623,-0.530839622641509,144.156981132075,0.0358490566037736,"Fresh",11,"Control",NA
"81A-1767","43","101","6926.900","01:30","00:25","14","2026-05-30 01:26:44","2026-05-30 01:28:27",17.0885046728972,99.9572897196262,2.67661682242991,0.319682242990654,144.12946728972,0.0574299065420561,"Fresh",11,"1 µm",NA
"81A-1767","44","101","6926.900","01:30","00:25","14","2026-05-30 01:29:46","2026-05-30 01:31:29",164.854205607477,99.9555140186916,2.56542056074766,0.739570093457944,17.042476635514,0.0576728971962617,"Fresh",11,"45 µm",NA
"81A-1767","40","101","6926.900","01:30","00:25","13","2026-05-30 01:32:46","2026-05-30 01:34:28",17.0649056603774,99.95,2.86852830188679,0.774622641509434,141.423896226415,0.131433962264151,"Fresh",10,"45 µm",NA
"81A-1652","16","101","6926.900","01:30","00:25","13","2026-06-03 19:07:31","2026-06-03 19:09:13",20.3602830188679,99.6681132075472,5.05188679245283,2.76457547169811,24.0662830188679,0.0339905660377358,"Control",4,"45 µm",NA
"81A-1767","38","101","6926.900","01:30","00:25","14","2026-05-30 01:35:47","2026-05-30 01:37:30",-72.1689719626168,99.9568224299065,2.66355140186916,-0.531878504672897,73.4758878504673,0.119093457943925,"Fresh",10,"Disturbance",NA
"81A-1767","45","101","6926.900","01:30","00:25","14","2026-05-30 01:38:47","2026-05-30 01:40:30",-69.3593457943925,99.9463551401869,2.56635514018692,0.706233644859813,16.6106635514019,0.113663551401869,"Fresh",12,"Control",NA
"81A-1767","41","101","6918.900","01:30","00:25","13","2026-05-30 02:23:43","2026-05-30 02:25:25",17.4743396226415,99.8816981132075,2.66320754716981,-0.530839622641509,143.746943396226,0.0363867924528302,"Fresh",11,"Control",NA
"81A-1767","43","101","6926.900","01:30","00:25","14","2026-05-30 02:26:43","2026-05-30 02:28:26",17.6588785046729,99.9103738317757,2.66542056074766,0.350383177570093,143.709925233645,0.0573738317757009,"Fresh",11,"1 µm",NA
"81A-1767","44","101","6926.900","01:30","00:25","14","2026-05-30 02:29:44","2026-05-30 02:31:27",164.482056074766,99.9100934579439,2.56542056074766,0.769794392523365,16.9663925233645,0.0592710280373832,"Fresh",11,"45 µm",NA
"81A-1767","40","101","6926.900","01:30","00:25","13","2026-05-30 02:32:44","2026-05-30 02:34:26",17.917641509434,99.9069811320755,2.86664150943396,0.773594339622642,141.262481132075,0.133905660377358,"Fresh",10,"45 µm",NA
"81A-1767","38","101","6926.900","01:30","00:25","14","2026-05-30 02:35:44","2026-05-30 02:37:27",-71.7816822429907,99.9113084112149,2.66448598130841,-0.530990654205608,73.3897289719626,0.122373831775701,"Fresh",10,"Disturbance",NA
"81A-1767","45","101","6926.900","01:30","00:25","14","2026-05-30 02:38:44","2026-05-30 02:40:27",-69.2085981308411,99.9041121495327,2.56448598130841,0.689785046728972,16.6116074766355,0.118317757009346,"Fresh",12,"Control",NA
"81A-1767","41","101","6918.900","01:30","00:25","13","2026-05-30 03:23:43","2026-05-30 03:25:25",18.2734905660377,99.8564150943396,2.66320754716981,-0.530839622641509,143.679943396226,0.0364811320754717,"Fresh",11,"Control",NA
"81A-1767","43","101","6926.900","01:30","00:25","14","2026-05-30 03:26:44","2026-05-30 03:28:27",18.4522429906542,99.8838317757009,2.66448598130841,0.30196261682243,143.628102803738,0.0571775700934579,"Fresh",11,"1 µm",NA
"81A-1652","14","101","6926.900","01:30","00:25","12","2026-06-03 16:02:11","2026-06-03 16:03:52",-70.1301904761905,99.4104761904762,5.24952380952381,2.76338095238095,88.6668761904762,0.0403333333333333,"Control",4,"Disturbance",NA
"81A-1652","49","101","6926.900","01:30","00:25","13","2026-06-03 19:10:32","2026-06-03 19:12:14",20.5771698113208,99.3892452830189,5.34811320754717,0.0597169811320755,87.7841509433962,0.0385754716981132,"Control",NA,"Control",NA
"81A-1767","44","101","6926.900","01:30","00:25","14","2026-05-30 03:29:45","2026-05-30 03:31:28",164.432242990654,99.88,2.56542056074766,0.765429906542056,16.9228691588785,0.0608598130841122,"Fresh",11,"45 µm",NA
"81A-1767","40","101","6926.900","01:30","00:25","13","2026-05-30 03:32:45","2026-05-30 03:34:27",18.5058490566038,99.8749056603774,2.86569811320755,0.77483962264151,141.237575471698,0.134801886792453,"Fresh",10,"45 µm",NA
"81A-1767","38","101","6926.900","01:30","00:25","14","2026-05-30 03:35:45","2026-05-30 03:37:28",-71.6806542056075,99.8814018691589,2.66448598130841,-0.52911214953271,73.4626635514019,0.121822429906542,"Fresh",10,"Disturbance",NA
"81A-1767","45","101","6926.900","01:30","00:25","14","2026-05-30 03:38:47","2026-05-30 03:40:30",-68.9716822429907,99.875046728972,2.56542056074766,0.676588785046729,16.5485140186916,0.113579439252336,"Fresh",12,"Control",NA
"81A-1767","41","101","6918.900","01:30","00:25","13","2026-05-30 04:23:43","2026-05-30 04:25:25",18.0154716981132,99.8302830188679,2.66415094339623,-0.530839622641509,143.89158490566,0.036188679245283,"Fresh",11,"Control",NA
"81A-1767","43","101","6926.900","01:30","00:25","13","2026-05-30 04:26:43","2026-05-30 04:28:25",18.1191509433962,99.8533962264151,2.67940566037736,0.34977358490566,143.839905660377,0.0569905660377358,"Fresh",11,"1 µm",NA
"81A-1767","44","101","6926.900","01:30","00:25","14","2026-05-30 04:29:42","2026-05-30 04:31:25",164.417196261682,99.8635514018692,2.56542056074766,0.783504672897196,16.8910186915888,0.0596542056074766,"Fresh",11,"45 µm",NA
"81A-1767","40","101","6926.900","01:30","00:25","13","2026-05-30 04:32:42","2026-05-30 04:34:24",17.9412264150943,99.8602830188679,2.86698113207547,0.775207547169811,141.375009433962,0.135169811320755,"Fresh",10,"45 µm",NA
"81A-1767","38","101","6926.900","01:30","00:25","14","2026-05-30 04:35:41","2026-05-30 04:37:24",-72.6275700934579,99.8723364485981,2.66636448598131,-0.530990654205608,73.0934112149533,0.11981308411215,"Fresh",10,"Disturbance",NA
"81A-1767","45","101","6926.900","01:30","00:25","14","2026-05-30 04:38:41","2026-05-30 04:40:24",-68.7063551401869,99.8684112149533,2.56823364485981,0.815738317757009,16.5560841121495,0.113906542056075,"Fresh",12,"Control",NA
"81A-1652","13","101","6926.900","01:30","00:25","13","2026-06-03 19:58:31","2026-06-03 20:00:13",-68.7075471698113,99.3648113207547,5.25,2.89642452830189,97.1816981132075,0.0350660377358491,"Control",4,"Control",NA
"81A-1767","41","101","6918.900","01:30","00:25","13","2026-05-30 05:23:43","2026-05-30 05:25:25",17.7915094339623,99.8564150943396,2.66415094339623,-0.530839622641509,143.920339622642,0.0361415094339623,"Fresh",11,"Control",NA
"81A-1767","43","101","6926.900","01:30","00:25","14","2026-05-30 05:26:43","2026-05-30 05:28:26",17.8703738317757,99.8916822429907,2.66635514018692,0.349495327102804,143.886841121495,0.0568971962616822,"Fresh",11,"1 µm",NA
"81A-1767","44","101","6926.900","01:30","00:25","14","2026-05-30 05:29:45","2026-05-30 05:31:28",164.055046728972,99.9022429906542,2.56542056074766,0.750831775700935,16.8487757009346,0.0594485981308411,"Fresh",11,"45 µm",NA
"81A-1767","40","101","6926.900","01:30","00:25","13","2026-05-30 05:32:45","2026-05-30 05:34:27",17.4412264150943,99.9031132075472,2.86792452830189,0.775415094339623,141.294471698113,0.13477358490566,"Fresh",10,"45 µm",NA
"81A-1767","38","101","6926.900","01:30","00:25","14","2026-05-30 05:35:45","2026-05-30 05:37:28",-72.5299065420561,99.9165420560748,2.66448598130841,-0.531775700934579,73.1745420560748,0.118757009345794,"Fresh",10,"Disturbance",NA
"81A-1767","45","101","6926.900","01:30","00:25","14","2026-05-30 05:38:45","2026-05-30 05:40:28",-69.5980373831776,99.9119626168224,2.56542056074766,0.77014953271028,16.523953271028,0.117897196261682,"Fresh",12,"Control",NA
"81A-1767","41","101","6918.900","01:30","00:25","13","2026-05-30 06:23:43","2026-05-30 06:25:25",17.1617924528302,99.9432075471698,2.66415094339623,-0.530839622641509,143.855386792453,0.0362169811320755,"Fresh",11,"Control",NA
"81A-1767","43","101","6926.900","01:30","00:25","13","2026-05-30 06:26:43","2026-05-30 06:28:25",17.2306603773585,99.9672641509434,2.66885849056604,0.349,143.820745283019,0.0573867924528302,"Fresh",11,"1 µm",NA
"81A-1767","44","101","6926.900","01:30","00:25","14","2026-05-30 06:29:43","2026-05-30 06:31:26",163.829158878505,99.9769158878505,2.56542056074766,0.78418691588785,16.7971682242991,0.0584579439252336,"Fresh",11,"45 µm",NA
"81A-1767","40","101","6926.900","01:30","00:25","13","2026-05-30 06:32:43","2026-05-30 06:34:25",16.8259433962264,99.9770754716981,2.86698113207547,0.773584905660377,141.318301886792,0.133641509433962,"Fresh",10,"45 µm",NA
"81A-1652","14","101","6926.900","01:30","00:25","12","2026-06-03 20:01:32","2026-06-03 20:03:13",-70.5210476190476,99.4081904761905,5.34857142857143,2.7629619047619,88.6578476190476,0.0478380952380952,"Control",4,"Disturbance",NA
"81A-1767","38","101","6926.900","01:30","00:25","14","2026-05-30 06:35:44","2026-05-30 06:37:27",-72.3643925233645,99.9867289719626,2.66448598130841,-0.531775700934579,73.2658785046729,0.118383177570093,"Fresh",10,"Disturbance",NA
"81A-1767","45","101","6926.900","01:30","00:25","14","2026-05-30 06:38:44","2026-05-30 06:40:27",-69.4633644859813,99.9794392523364,2.56542056074766,0.740224299065421,16.4946261682243,0.11614953271028,"Fresh",12,"Control",NA
"81A-1767","41","101","6918.900","01:30","00:25","13","2026-05-30 07:23:43","2026-05-30 07:25:25",17.4648113207547,100.009622641509,2.66509433962264,-0.530141509433962,143.665641509434,0.0365,"Fresh",11,"Control",NA
"81A-1767","43","101","6926.900","01:30","00:25","14","2026-05-30 07:26:43","2026-05-30 07:28:26",17.7875700934579,100.044112149533,2.70089719626168,0.34881308411215,143.564373831776,0.0568130841121495,"Fresh",11,"1 µm",NA
"81A-1767","44","101","6926.900","01:30","00:25","14","2026-05-30 07:29:44","2026-05-30 07:31:27",163.663457943925,100.048785046729,2.56823364485981,0.782271028037383,16.7476074766355,0.0586822429906542,"Fresh",11,"45 µm",NA
"81A-1767","40","101","6926.900","01:30","00:25","13","2026-05-30 07:32:46","2026-05-30 07:34:28",17.8352830188679,100.055188679245,2.86792452830189,0.774735849056604,141.232962264151,0.134009433962264,"Fresh",10,"45 µm",NA
"81A-1767","38","101","6926.900","01:30","00:25","14","2026-05-30 07:35:47","2026-05-30 07:37:30",-72.1988785046729,100.070280373832,2.67530841121495,-0.53088785046729,73.2628224299065,0.120252336448598,"Fresh",10,"Disturbance",NA
"81A-1767","45","101","6926.900","01:30","00:25","14","2026-05-30 07:38:48","2026-05-30 07:40:31",-69.4285046728972,100.068317757009,2.56635514018692,0.730663551401869,16.4590654205607,0.117504672897196,"Fresh",12,"Control",NA
"81A-1767","41","101","6918.900","01:30","00:25","13","2026-05-30 08:23:43","2026-05-30 08:25:25",18.6801886792453,100.133018867925,2.66320754716981,-0.530839622641509,143.733754716981,0.0364056603773585,"Fresh",11,"Control",NA
"81A-1767","43","101","6926.900","01:30","00:25","14","2026-05-30 08:26:44","2026-05-30 08:28:27",18.991214953271,100.172990654206,2.66542056074766,0.349401869158878,143.709252336449,0.0562056074766355,"Fresh",11,"1 µm",NA
"81A-1652","15","101","6926.900","01:30","00:25","13","2026-06-03 20:04:30","2026-06-03 20:06:12",18.5940566037736,99.4003773584906,5.34528301886793,2.77467924528302,148.047377358491,0.0425,"Control",4,"1 µm",NA
"81A-1767","44","101","6926.900","01:30","00:25","14","2026-05-30 08:29:45","2026-05-30 08:31:28",163.467757009346,100.180747663551,2.56542056074766,0.783504672897196,16.7357102803738,0.0605981308411215,"Fresh",11,"45 µm",NA
"81A-1767","40","101","6926.900","01:30","00:25","13","2026-05-30 08:32:45","2026-05-30 08:34:27",18.7050943396226,100.177452830189,2.86698113207547,0.776141509433962,141.34208490566,0.135830188679245,"Fresh",10,"45 µm",NA
"81A-1767","38","101","6926.900","01:30","00:25","14","2026-05-30 08:35:46","2026-05-30 08:37:29",-71.8179439252336,100.189813084112,2.66448598130841,-0.527093457943925,73.3708691588785,0.120448598130841,"Fresh",10,"Disturbance",NA
"81A-1767","45","101","6926.900","01:30","00:25","14","2026-05-30 08:38:46","2026-05-30 08:40:29",-69.2468224299065,100.191308411215,2.56448598130841,0.708457943925234,16.4568130841121,0.114018691588785,"Fresh",12,"Control",NA
"81A-1767","41","101","6918.900","01:30","00:25","13","2026-05-30 09:23:43","2026-05-30 09:25:25",18.6809433962264,100.241320754717,2.66509433962264,-0.530839622641509,144.080886792453,0.0359433962264151,"Fresh",11,"Control",NA
"81A-1767","43","101","6926.900","01:30","00:25","14","2026-05-30 09:26:43","2026-05-30 09:28:26",18.5602803738318,100.276448598131,2.6701308411215,0.348710280373832,144.129401869159,0.0558130841121495,"Fresh",11,"1 µm",NA
"81A-1767","44","101","6926.900","01:30","00:25","14","2026-05-30 09:29:43","2026-05-30 09:31:26",165.27738317757,100.278224299065,2.56448598130841,0.769934579439252,16.7229065420561,0.0608411214953271,"Fresh",11,"45 µm",NA
"81A-1767","40","101","6926.900","01:30","00:25","13","2026-05-30 09:32:43","2026-05-30 09:34:25",18.5442452830189,100.279811320755,2.86569811320755,0.774622641509434,141.353726415094,0.134311320754717,"Fresh",10,"45 µm",NA
"81A-1767","38","101","6926.900","01:30","00:25","14","2026-05-30 09:35:42","2026-05-30 09:37:25",-71.946261682243,100.294018691589,2.66448598130841,-0.523626168224299,73.3706635514019,0.117317757009346,"Fresh",10,"Disturbance",NA
"81A-1767","45","101","6926.900","01:30","00:25","14","2026-05-30 09:38:42","2026-05-30 09:40:25",-69.1002803738318,100.295981308411,2.56542056074766,0.699616822429907,16.4546355140187,0.113822429906542,"Fresh",12,"Control",NA
"81A-1652","16","101","6926.900","01:30","00:25","13","2026-06-03 20:07:31","2026-06-03 20:09:13",18.3497169811321,99.6993396226415,5.05188679245283,2.7643679245283,23.5045,0.0327547169811321,"Control",4,"45 µm",NA
"81A-1767","41","101","6918.900","01:30","00:25","13","2026-05-30 10:23:43","2026-05-30 10:25:25",18.6594339622642,100.286509433962,2.66415094339623,-0.530839622641509,144.288471698113,0.0357830188679245,"Fresh",11,"Control",NA
"81A-1767","43","101","6926.900","01:30","00:25","14","2026-05-30 10:26:44","2026-05-30 10:28:27",18.8232710280374,100.327943925234,2.7,0.348401869158878,144.244785046729,0.055392523364486,"Fresh",11,"1 µm",NA
"81A-1767","44","101","6926.900","01:30","00:25","14","2026-05-30 10:29:44","2026-05-30 10:31:27",165.582056074766,100.32476635514,2.56542056074766,0.76907476635514,16.6973457943925,0.0615233644859813,"Fresh",11,"45 µm",NA
"81A-1767","40","101","6926.900","01:30","00:25","13","2026-05-30 10:32:45","2026-05-30 10:34:27",18.6957547169811,100.326698113208,2.86603773584906,0.776339622641509,141.351396226415,0.135396226415094,"Fresh",10,"45 µm",NA
"81A-1767","38","101","6926.900","01:30","00:25","14","2026-05-30 10:35:44","2026-05-30 10:37:27",-71.55,100.335981308411,2.66824299065421,-0.53,73.4357102803738,0.113551401869159,"Fresh",10,"Disturbance",NA
"81A-1767","45","101","6926.900","01:30","00:25","14","2026-05-30 10:38:44","2026-05-30 10:40:27",-68.7330841121495,100.331401869159,2.56635514018692,0.676028037383178,16.4280093457944,0.113467289719626,"Fresh",12,"Control",NA
"81A-1767","41","101","6918.900","01:30","00:25","13","2026-05-30 11:23:43","2026-05-30 11:25:25",22.3381132075472,100.363773584906,2.66415094339623,-0.530839622641509,144.18491509434,0.0358679245283019,"Fresh",11,"Control",NA
"81A-1767","43","101","6926.900","01:30","00:25","14","2026-05-30 11:26:44","2026-05-30 11:28:27",19.26,100.400654205607,2.66730841121495,0.347514018691589,144.321102803738,0.0549719626168224,"Fresh",11,"1 µm",NA
"81A-1767","44","101","6926.900","01:30","00:25","14","2026-05-30 11:29:44","2026-05-30 11:31:27",165.028037383178,100.401401869159,2.56448598130841,0.757700934579439,16.661,0.0627663551401869,"Fresh",11,"45 µm",NA
"81A-1767","40","101","6926.900","01:30","00:25","13","2026-05-30 11:32:44","2026-05-30 11:34:26",19.09,100.403113207547,2.86603773584906,0.775047169811321,141.438867924528,0.135896226415094,"Fresh",10,"45 µm",NA
"81A-1652","49","101","6926.900","01:30","00:25","13","2026-06-03 20:10:30","2026-06-03 20:12:12",18.4745283018868,99.4196226415094,5.34905660377358,0.0327924528301887,87.8361509433962,0.0385188679245283,"Control",NA,"Control",NA
"81A-1767","38","101","6926.900","01:30","00:25","14","2026-05-30 11:35:43","2026-05-30 11:37:26",-72.4501869158879,100.419906542056,2.66448598130841,-0.530308411214953,73.4054018691589,0.113196261682243,"Fresh",10,"Disturbance",NA
"81A-1767","45","101","6926.900","01:30","00:25","14","2026-05-30 11:38:43","2026-05-30 11:40:26",-68.5080373831776,100.415981308411,2.56542056074766,0.774822429906542,16.3859813084112,0.112943925233645,"Fresh",12,"Control",NA
"81A-1767","41","101","6918.900","01:30","00:25","13","2026-05-30 12:23:43","2026-05-30 12:25:25",19.8202830188679,100.432924528302,2.66415094339623,-0.530943396226415,145.063556603774,0.0354811320754717,"Fresh",11,"Control",NA
"81A-1767","43","101","6926.900","01:30","00:25","13","2026-05-30 12:26:44","2026-05-30 12:28:26",20.1299056603774,100.455377358491,2.66795283018868,0.345349056603774,144.963141509434,0.0547358490566038,"Fresh",11,"1 µm",NA
"81A-1767","44","101","6926.900","01:30","00:25","14","2026-05-30 12:29:44","2026-05-30 12:31:27",165.699439252336,100.47261682243,2.56635514018692,0.783523364485981,16.6629065420561,0.0646168224299065,"Fresh",11,"45 µm",NA
"81A-1767","40","101","6926.900","01:30","00:25","13","2026-05-30 12:32:44","2026-05-30 12:34:26",19.6207547169811,100.475943396226,2.86792452830189,0.773698113207547,141.329650943396,0.135566037735849,"Fresh",10,"45 µm",NA
"81A-1767","38","101","6926.900","01:30","00:25","14","2026-05-30 12:35:45","2026-05-30 12:37:28",-72.2284112149533,100.480747663551,2.66448598130841,-0.530102803738318,73.3357196261682,0.112588785046729,"Fresh",10,"Disturbance",NA
"81A-1767","45","101","6926.900","01:30","00:25","14","2026-05-30 12:38:45","2026-05-30 12:40:28",-69.2571028037383,100.472056074766,2.56635514018692,0.741560747663551,16.379308411215,0.113317757009346,"Fresh",12,"Control",NA
"81A-1767","41","101","6918.900","01:30","00:25","13","2026-05-30 13:23:43","2026-05-30 13:25:25",20.5466981132075,100.449905660377,2.66415094339623,-0.530943396226415,145.209424528302,0.035311320754717,"Fresh",11,"Control",NA
"81A-1767","43","101","6926.900","01:30","00:25","14","2026-05-30 13:26:44","2026-05-30 13:28:27",23.0329906542056,100.483177570093,2.66730841121495,0.347719626168224,144.955719626168,0.0540280373831776,"Fresh",11,"1 µm",NA
"81A-1652","13","101","6926.900","01:30","00:25","13","2026-06-03 20:58:31","2026-06-03 21:00:13",-69.4962264150943,99.3983962264151,5.27008490566038,2.8956320754717,97.153358490566,0.0329811320754717,"Control",4,"Control",NA
"81A-1767","44","101","6926.900","01:30","00:25","14","2026-05-30 13:29:44","2026-05-30 13:31:27",165.729719626168,100.480934579439,2.56448598130841,0.78192523364486,16.8145700934579,0.0792897196261682,"Fresh",11,"45 µm",NA
"81A-1767","40","101","6926.900","01:30","00:25","13","2026-05-30 13:32:44","2026-05-30 13:34:26",19.9306603773585,100.476886792453,2.86792452830189,0.77488679245283,141.303386792453,0.136169811320755,"Fresh",10,"45 µm",NA
"81A-1767","38","101","6926.900","01:30","00:25","14","2026-05-30 13:35:44","2026-05-30 13:37:27",-72.1440186915888,100.485140186916,2.66542056074766,-0.527897196261682,73.1173738317757,0.115439252336449,"Fresh",10,"Disturbance",NA
"81A-1767","45","101","6926.900","01:30","00:25","14","2026-05-30 13:38:44","2026-05-30 13:40:27",-69.2191588785047,100.478598130841,2.56448598130841,0.729327102803738,16.394308411215,0.113747663551402,"Fresh",12,"Control",NA
"81A-1767","41","101","6918.900","01:30","00:25","13","2026-05-30 14:23:43","2026-05-30 14:25:25",20.2719811320755,100.43320754717,2.66320754716981,-0.530943396226415,145.331235849057,0.0351698113207547,"Fresh",11,"Control",NA
"81A-1767","43","101","6926.900","01:30","00:25","14","2026-05-30 14:26:44","2026-05-30 14:28:27",20.423738317757,100.468037383178,2.66448598130841,0.345738317757009,145.267401869159,0.0551495327102804,"Fresh",11,"1 µm",NA
"81A-1767","44","101","6926.900","01:30","00:25","14","2026-05-30 14:29:44","2026-05-30 14:31:27",166.836542056075,100.477102803738,2.56355140186916,0.770570093457944,17.0379813084112,0.0727943925233645,"Fresh",11,"45 µm",NA
"81A-1767","40","101","6926.900","01:30","00:25","13","2026-05-30 14:32:44","2026-05-30 14:34:26",20.398679245283,100.479433962264,2.86192452830189,0.775311320754717,141.271726415094,0.13572641509434,"Fresh",10,"45 µm",NA
"81A-1767","38","101","6926.900","01:30","00:25","14","2026-05-30 14:35:45","2026-05-30 14:37:28",-71.4858878504673,100.487289719626,2.66448598130841,-0.51914953271028,73.3723551401869,0.112448598130841,"Fresh",10,"Disturbance",NA
"81A-1767","45","101","6926.900","01:30","00:25","14","2026-05-30 14:38:45","2026-05-30 14:40:28",-68.7404672897196,100.476168224299,2.56448598130841,0.679261682242991,16.411738317757,0.113700934579439,"Fresh",12,"Control",NA
"81A-1652","14","101","6926.900","01:30","00:25","12","2026-06-03 21:01:30","2026-06-03 21:03:11",-70.9617142857143,99.4367619047619,5.34857142857143,2.76207619047619,88.6581904761905,0.0472857142857143,"Control",4,"Disturbance",NA
"81A-1767","41","101","6918.900","01:30","00:25","13","2026-05-30 15:23:43","2026-05-30 15:25:25",20.2516981132075,100.469905660377,2.66415094339623,-0.531141509433962,145.41608490566,0.0350660377358491,"Fresh",11,"Control",NA
"81A-1767","43","101","6926.900","01:30","00:25","14","2026-05-30 15:26:44","2026-05-30 15:28:27",20.4072897196262,100.500560747664,2.6682523364486,0.343981308411215,145.358990654206,0.0546635514018692,"Fresh",11,"1 µm",NA
"81A-1767","44","101","6926.900","01:30","00:25","14","2026-05-30 15:29:45","2026-05-30 15:31:28",166.540934579439,100.498130841121,2.56542056074766,0.75718691588785,17.0741682242991,0.0676261682242991,"Fresh",11,"45 µm",NA
"81A-1767","40","101","6926.900","01:30","00:25","13","2026-05-30 15:32:45","2026-05-30 15:34:27",19.9337735849057,100.493867924528,2.8688679245283,0.774367924528302,141.306933962264,0.136990566037736,"Fresh",10,"45 µm",NA
"81A-1767","38","101","6926.900","01:30","00:25","14","2026-05-30 15:35:45","2026-05-30 15:37:28",-72.3876635514019,100.504859813084,2.66448598130841,-0.483196261682243,73.2752990654206,0.110289719626168,"Fresh",10,"Disturbance",NA
"81A-1767","45","101","6926.900","01:30","00:25","14","2026-05-30 15:38:47","2026-05-30 15:40:30",-68.4891588785047,100.494205607477,2.56542056074766,0.816299065420561,16.4147102803738,0.113915887850467,"Fresh",12,"Control",NA
"81A-1767","41","101","6918.900","01:30","00:25","13","2026-05-30 16:23:43","2026-05-30 16:25:25",20.425,100.467547169811,2.66415094339623,-0.530943396226415,145.283783018868,0.0352264150943396,"Fresh",11,"Control",NA
"81A-1767","43","101","6926.900","01:30","00:25","14","2026-05-30 16:26:44","2026-05-30 16:28:27",20.4453271028037,100.504672897196,2.66919626168224,0.343345794392523,145.323280373832,0.0544299065420561,"Fresh",11,"1 µm",NA
"81A-1767","44","101","6926.900","01:30","00:25","14","2026-05-30 16:29:44","2026-05-30 16:31:27",166.384018691589,100.498598130841,2.56448598130841,0.748056074766355,17.0608037383178,0.065981308411215,"Fresh",11,"45 µm",NA
"81A-1767","40","101","6926.900","01:30","00:25","13","2026-05-30 16:32:46","2026-05-30 16:34:28",20.2502830188679,100.498679245283,2.86603773584906,0.775,141.302981132075,0.136839622641509,"Fresh",10,"45 µm",NA
"81A-1652","15","101","6926.900","01:30","00:25","13","2026-06-03 21:04:28","2026-06-03 21:06:10",17.0850943396226,99.4205660377359,5.34905660377358,2.77467924528302,147.148877358491,0.0410566037735849,"Control",4,"1 µm",NA
"81A-1767","38","101","6926.900","01:30","00:25","14","2026-05-30 16:35:45","2026-05-30 16:37:28",-72.3686915887851,100.510560747664,2.66635514018692,-0.528224299065421,73.1563177570093,0.109560747663551,"Fresh",10,"Disturbance",NA
"81A-1767","45","101","6926.900","01:30","00:25","14","2026-05-30 16:38:45","2026-05-30 16:40:28",-69.3529906542056,100.508411214953,2.56728971962617,0.767084112149533,16.4285700934579,0.116654205607477,"Fresh",12,"Control",NA
"81A-1767","41","101","6918.900","01:30","00:25","13","2026-05-30 17:23:43","2026-05-30 17:25:25",20.0061320754717,100.531037735849,2.66415094339623,-0.530943396226415,145.268047169811,0.0352264150943396,"Fresh",11,"Control",NA
"81A-1767","43","101","6926.900","01:30","00:25","14","2026-05-30 17:26:44","2026-05-30 17:28:27",20.018691588785,100.560373831776,2.66542056074766,0.342457943925234,145.178560747664,0.0545981308411215,"Fresh",11,"1 µm",NA
"81A-1767","44","101","6926.900","01:30","00:25","14","2026-05-30 17:29:44","2026-05-30 17:31:27",166.025140186916,100.563831775701,2.56448598130841,0.747831775700935,17.0212990654206,0.0641588785046729,"Fresh",11,"45 µm",NA
"81A-1767","40","101","6926.900","01:30","00:25","13","2026-05-30 17:32:44","2026-05-30 17:34:26",19.963679245283,100.566698113208,2.8622641509434,0.775716981132076,141.288669811321,0.136377358490566,"Fresh",10,"45 µm",NA
"81A-1767","38","101","6926.900","01:30","00:25","14","2026-05-30 17:35:43","2026-05-30 17:37:26",-72.3684112149533,100.575700934579,2.66448598130841,-0.529214953271028,73.3905607476636,0.108607476635514,"Fresh",10,"Disturbance",NA
"81A-1767","45","101","6926.900","01:30","00:25","14","2026-05-30 17:38:44","2026-05-30 17:40:27",-68.3557943925234,100.578224299065,2.56728971962617,0.676897196261682,16.4082336448598,0.113102803738318,"Fresh",12,"Control",NA
"81A-1767","41","101","6918.900","01:30","00:25","13","2026-05-30 18:23:43","2026-05-30 18:25:25",19.8778301886792,100.57679245283,2.66415094339623,-0.530943396226415,145.092632075472,0.0354528301886792,"Fresh",11,"Control",NA
"81A-1767","43","101","6926.900","01:30","00:25","14","2026-05-30 18:26:44","2026-05-30 18:28:27",19.918785046729,100.609345794393,2.67657943925234,0.342355140186916,145.011242990654,0.0546822429906542,"Fresh",11,"1 µm",NA
"81A-1652","16","101","6926.900","01:30","00:25","12","2026-06-03 21:07:29","2026-06-03 21:09:10",16.9062857142857,99.7052380952381,5.14569523809524,2.76264761904762,22.3020476190476,0.0338285714285714,"Control",4,"45 µm",NA
"81A-1767","44","101","6926.900","01:30","00:25","14","2026-05-30 18:29:44","2026-05-30 18:31:27",166.08261682243,100.60953271028,2.56542056074766,0.759345794392523,16.9809626168224,0.0629719626168224,"Fresh",11,"45 µm",NA
"81A-1767","40","101","6926.900","01:30","00:25","13","2026-05-30 18:32:44","2026-05-30 18:34:26",19.5366037735849,100.611132075472,2.8688679245283,0.775207547169811,141.3775,0.135707547169811,"Fresh",10,"45 µm",NA
"81A-1767","38","101","6926.900","01:30","00:25","14","2026-05-30 18:35:43","2026-05-30 18:37:26",-71.4471962616823,100.621775700935,2.66448598130841,-0.530990654205608,73.4407196261682,0.106841121495327,"Fresh",10,"Disturbance",NA
"81A-1767","45","101","6926.900","01:30","00:25","14","2026-05-30 18:38:45","2026-05-30 18:40:28",-68.612523364486,100.618130841121,2.56728971962617,0.79522429906542,16.394953271028,0.112233644859813,"Fresh",12,"Control",NA
"81A-1767","41","101","6918.900","01:30","00:25","13","2026-05-30 19:23:43","2026-05-30 19:25:25",18.9182075471698,100.655660377358,2.66415094339623,-0.530839622641509,144.937179245283,0.0355943396226415,"Fresh",11,"Control",NA
"81A-1767","43","101","6926.900","01:30","00:25","14","2026-05-30 19:26:43","2026-05-30 19:28:26",18.9802803738318,100.695514018692,2.66542056074766,0.341364485981308,144.89876635514,0.0547570093457944,"Fresh",11,"1 µm",NA
"81A-1767","44","101","6926.900","01:30","00:25","14","2026-05-30 19:29:45","2026-05-30 19:31:28",165.649065420561,100.700654205607,2.56542056074766,0.758214953271028,16.9208504672897,0.0605140186915888,"Fresh",11,"45 µm",NA
"81A-1767","40","101","6926.900","01:30","00:25","13","2026-05-30 19:32:45","2026-05-30 19:34:27",18.7729245283019,100.700377358491,2.86603773584906,0.775415094339623,141.410490566038,0.134518867924528,"Fresh",10,"45 µm",NA
"81A-1767","38","101","6926.900","01:30","00:25","14","2026-05-30 19:35:45","2026-05-30 19:37:28",-72.5704672897196,100.714112149533,2.66448598130841,-0.531878504672897,73.308046728972,0.105336448598131,"Fresh",10,"Disturbance",NA
"81A-1767","45","101","6926.900","01:30","00:25","14","2026-05-30 19:38:45","2026-05-30 19:40:28",-68.6473831775701,100.71261682243,2.56542056074766,0.793411214953271,16.3463738317757,0.11318691588785,"Fresh",12,"Control",NA
"81A-1652","15","101","6926.900","01:30","00:25","13","2026-06-03 16:05:09","2026-06-03 16:06:51",26.3004716981132,99.3816037735849,5.25,2.77489622641509,148.345452830189,0.042622641509434,"Control",4,"1 µm",NA
"81A-1652","49","101","6926.900","01:30","00:25","13","2026-06-03 21:10:27","2026-06-03 21:12:09",17.0356603773585,99.4340566037736,5.34905660377358,0.0337830188679245,87.8323396226415,0.0383962264150943,"Control",NA,"Control",NA
"81A-1767","41","101","6918.900","01:30","00:25","13","2026-05-30 20:23:43","2026-05-30 20:25:25",18.1897169811321,100.732830188679,2.66381132075472,-0.530839622641509,144.753877358491,0.0356792452830189,"Fresh",11,"Control",NA
"81A-1767","43","101","6926.900","01:30","00:25","14","2026-05-30 20:26:43","2026-05-30 20:28:26",18.2154205607477,100.767570093458,2.66728971962617,0.340785046728972,144.696224299065,0.0547289719626168,"Fresh",11,"1 µm",NA
"81A-1767","44","101","6926.900","01:30","00:25","14","2026-05-30 20:29:45","2026-05-30 20:31:28",165.254299065421,100.773644859813,2.56542056074766,0.746018691588785,16.8594299065421,0.0589345794392523,"Fresh",11,"45 µm",NA
"81A-1767","40","101","6926.900","01:30","00:25","13","2026-05-30 20:32:45","2026-05-30 20:34:27",18.0121698113208,100.773490566038,2.86698113207547,0.77411320754717,141.340386792453,0.13272641509434,"Fresh",10,"45 µm",NA
"81A-1767","38","101","6926.900","01:30","00:25","14","2026-05-30 20:35:44","2026-05-30 20:37:27",-72.4072897196262,100.789345794393,2.66542056074766,-0.531878504672897,73.0405046728972,0.108317757009346,"Fresh",10,"Disturbance",NA
"81A-1767","45","101","6926.900","01:30","00:25","14","2026-05-30 20:38:45","2026-05-30 20:40:28",-69.4609345794393,100.788037383178,2.56635514018692,0.739093457943925,16.3197196261682,0.113439252336449,"Fresh",12,"Control",NA
"81A-1767","41","101","6918.900","01:30","00:25","13","2026-05-30 21:23:43","2026-05-30 21:25:25",16.9264150943396,100.806698113208,2.66509433962264,-0.530839622641509,144.560622641509,0.0357075471698113,"Fresh",11,"Control",NA
"81A-1767","43","101","6926.900","01:30","00:25","14","2026-05-30 21:26:43","2026-05-30 21:28:26",17.0132710280374,100.838785046729,2.71318691588785,0.340785046728972,144.490607476636,0.0550093457943925,"Fresh",11,"1 µm",NA
"81A-1767","44","101","6926.900","01:30","00:25","14","2026-05-30 21:29:45","2026-05-30 21:31:28",164.458504672897,100.84214953271,2.57660747663551,0.736990654205607,16.7879158878505,0.0566168224299065,"Fresh",11,"45 µm",NA
"81A-1767","40","101","6926.900","01:30","00:25","13","2026-05-30 21:32:45","2026-05-30 21:34:27",16.8325471698113,100.837735849057,2.86981132075472,0.77488679245283,141.402556603774,0.129915094339623,"Fresh",10,"45 µm",NA
"81A-1652","13","101","6926.900","01:30","00:25","13","2026-06-03 21:58:31","2026-06-03 22:00:13",-69.765,99.4033018867924,5.34622641509434,2.89505660377359,97.1084150943396,0.0322264150943396,"Control",4,"Control",NA
"81A-1767","38","101","6926.900","01:30","00:25","14","2026-05-30 21:35:45","2026-05-30 21:37:28",-72.1781308411215,100.850280373832,2.69936448598131,-0.531878504672897,73.352476635514,0.103542056074766,"Fresh",10,"Disturbance",NA
"81A-1767","45","101","6926.900","01:30","00:25","14","2026-05-30 21:38:45","2026-05-30 21:40:28",-69.366261682243,100.844299065421,2.57378504672897,0.706747663551402,16.2747570093458,0.115242990654206,"Fresh",12,"Control",NA
"81A-1767","41","101","6918.900","01:30","00:25","13","2026-05-30 22:23:43","2026-05-30 22:25:25",16.2866037735849,100.889245283019,2.66415094339623,-0.530150943396226,144.108509433962,0.0359150943396226,"Fresh",11,"Control",NA
"81A-1767","43","101","6926.900","01:30","00:25","14","2026-05-30 22:26:44","2026-05-30 22:28:27",16.2896261682243,100.922523364486,2.68178504672897,0.339794392523365,144.039906542056,0.055411214953271,"Fresh",11,"1 µm",NA
"81A-1767","44","101","6926.900","01:30","00:25","14","2026-05-30 22:29:46","2026-05-30 22:31:29",164.449813084112,100.928878504673,2.56542056074766,0.736766355140187,16.6925327102804,0.0555046728971963,"Fresh",11,"45 µm",NA
"81A-1767","40","101","6926.900","01:30","00:25","13","2026-05-30 22:32:46","2026-05-30 22:34:28",16.0657547169811,100.928867924528,2.86698113207547,0.775207547169811,141.397235849057,0.133188679245283,"Fresh",10,"45 µm",NA
"81A-1767","38","101","6926.900","01:30","00:25","14","2026-05-30 22:35:45","2026-05-30 22:37:28",-71.7065420560748,100.938411214953,2.67236448598131,-0.531775700934579,73.2489158878505,0.10181308411215,"Fresh",10,"Disturbance",NA
"81A-1767","45","101","6926.900","01:30","00:25","14","2026-05-30 22:38:45","2026-05-30 22:40:28",-68.9277570093458,100.935046728972,2.56847663551402,0.676383177570093,16.2052897196262,0.114299065420561,"Fresh",12,"Control",NA
"81A-1767","41","101","6918.900","01:30","00:25","13","2026-05-30 23:23:43","2026-05-30 23:25:25",15.6408490566038,100.931603773585,2.66698113207547,-0.530150943396226,143.448556603774,0.036811320754717,"Fresh",11,"Control",NA
"81A-1767","43","101","6926.900","01:30","00:25","14","2026-05-30 23:26:43","2026-05-30 23:28:26",15.5704672897196,100.962056074766,2.70124299065421,0.339897196261682,143.38014953271,0.0561308411214953,"Fresh",11,"1 µm",NA
"81A-1652","14","101","6926.900","01:30","00:25","12","2026-06-03 22:01:30","2026-06-03 22:03:11",-70.3989523809524,99.4432380952381,5.43806666666667,2.76275238095238,88.6296095238095,0.0466952380952381,"Control",4,"Disturbance",NA
"81A-1767","44","101","6926.900","01:30","00:25","14","2026-05-30 23:29:45","2026-05-30 23:31:28",163.154392523364,100.962056074766,2.56822429906542,0.750355140186916,16.5787663551402,0.0544205607476636,"Fresh",11,"45 µm",NA
"81A-1767","40","101","6926.900","01:30","00:25","13","2026-05-30 23:32:45","2026-05-30 23:34:27",15.2449056603774,100.959056603774,2.86698113207547,0.77338679245283,141.210462264151,0.129801886792453,"Fresh",10,"45 µm",NA
"81A-1767","38","101","6926.900","01:30","00:25","14","2026-05-30 23:35:44","2026-05-30 23:37:27",-72.8716822429907,100.971214953271,2.7123738317757,-0.531775700934579,73.0254018691589,0.103252336448598,"Fresh",10,"Disturbance",NA
"81A-1767","41","101","6918.9","01:30","00:25","13","2026-05-31 00:05:53","2026-05-31 00:07:35",14.832358490566,100.919622641509,2.66698113207547,-0.530056603773585,142.729056603774,0.0374716981132075,"Fresh",11,"Control",NA
"81A-1767","43","101","6926.900","01:30","00:25","14","2026-05-31 00:08:53","2026-05-31 00:10:36",14.7069158878505,100.960093457944,2.76355140186916,0.340476635514019,142.85885046729,0.0569158878504673,"Fresh",11,"1 µm",NA
"81A-1767","44","101","6926.900","01:30","00:25","14","2026-05-31 00:11:55","2026-05-31 00:13:38",162.686261682243,100.966728971963,2.62852336448598,0.758373831775701,16.4843271028037,0.053411214953271,"Fresh",11,"45 µm",NA
"81A-1767","40","101","6926.900","01:30","00:25","13","2026-05-31 00:14:55","2026-05-31 00:16:37",14.3227358490566,100.963962264151,2.8688679245283,0.775,140.969641509434,0.132915094339623,"Fresh",10,"45 µm",NA
"81A-1767","38","101","6926.900","01:30","00:25","14","2026-05-31 00:17:55","2026-05-31 00:19:38",-72.5571962616822,100.976355140187,2.75414018691589,-0.531775700934579,73.047046728972,0.103934579439252,"Fresh",10,"Disturbance",NA
"81A-1767","45","101","6926.900","01:30","00:25","14","2026-05-31 00:20:55","2026-05-31 00:22:38",-69.6866355140187,100.972990654206,2.61319626168224,0.809205607476636,16.0428317757009,0.117102803738318,"Fresh",12,"Control",NA
"81A-1767","41","101","6918.900","01:30","00:25","13","2026-05-31 00:23:57","2026-05-31 00:25:39",14.4582075471698,100.971698113208,2.66509433962264,-0.528292452830189,142.925594339623,0.0375377358490566,"Fresh",11,"Control",NA
"81A-1652","15","101","6926.900","01:30","00:25","13","2026-06-03 22:04:29","2026-06-03 22:06:11",16.0950943396226,99.4315094339623,5.34905660377358,2.77457547169811,146.342566037736,0.0400283018867925,"Control",4,"1 µm",NA
"81A-1767","43","101","6926.900","01:30","00:25","14","2026-05-31 00:26:58","2026-05-31 00:28:41",14.3265420560748,100.983738317757,2.75599065420561,0.339280373831776,142.944448598131,0.0570280373831776,"Fresh",11,"1 µm",NA
"81A-1767","44","101","6926.900","01:30","00:25","14","2026-05-31 00:29:58","2026-05-31 00:31:41",162.60046728972,100.978224299065,2.61224299065421,0.750971962616822,16.4439813084112,0.0527943925233645,"Fresh",11,"45 µm",NA
"81A-1767","40","101","6926.900","01:30","00:25","13","2026-05-31 00:32:58","2026-05-31 00:34:40",13.9359433962264,100.971320754717,2.87075471698113,0.775509433962264,140.940320754717,0.132981132075472,"Fresh",10,"45 µm",NA
"81A-1767","38","101","6926.900","01:30","00:25","14","2026-05-31 00:35:58","2026-05-31 00:37:41",-73.3581308411215,100.977570093458,2.75981308411215,-0.531093457943925,72.8639158878505,0.0996355140186916,"Fresh",10,"Disturbance",NA
"81A-1767","45","101","6926.900","01:30","00:25","14","2026-05-31 00:38:58","2026-05-31 00:40:41",-70.4176635514019,100.969252336449,2.6178785046729,0.770299065420561,16.0054299065421,0.119242990654206,"Fresh",12,"Control",NA
"81A-1767","41","101","6918.900","01:30","00:25","13","2026-05-31 01:23:56","2026-05-31 01:25:38",13.6279245283019,100.962075471698,2.67171698113208,-0.529952830188679,142.13258490566,0.0377924528301887,"Fresh",11,"Control",NA
"81A-1767","43","101","6926.900","01:30","00:25","14","2026-05-31 01:26:57","2026-05-31 01:28:40",13.6673831775701,100.991962616822,2.74729906542056,0.334345794392523,142.149523364486,0.0572803738317757,"Fresh",11,"1 µm",NA
"81A-1767","44","101","6926.900","01:30","00:25","14","2026-05-31 01:29:58","2026-05-31 01:31:41",161.347663551402,100.990747663551,2.57856074766355,0.781485981308411,16.2913925233645,0.0529065420560748,"Fresh",11,"45 µm",NA
"81A-1767","40","101","6926.900","01:30","00:25","13","2026-05-31 01:32:58","2026-05-31 01:34:40",13.5929245283019,100.985660377358,2.86792452830189,0.774943396226415,140.726981132075,0.143905660377358,"Fresh",10,"45 µm",NA
"81A-1767","38","101","6926.900","01:30","00:25","14","2026-05-31 01:35:58","2026-05-31 01:37:41",-73.2504672897196,100.999439252336,2.74019626168224,-0.53088785046729,73.1153738317757,0.0978411214953271,"Fresh",10,"Disturbance",NA
"81A-1652","16","101","6926.900","01:30","00:25","12","2026-06-03 22:07:28","2026-06-03 22:09:09",15.8765714285714,99.7179047619048,5.14952380952381,2.76300952380952,22.666419047619,0.0345428571428571,"Control",4,"45 µm",NA
"81A-1767","45","101","6926.900","01:30","00:25","14","2026-05-31 01:38:58","2026-05-31 01:40:41",-70.3218691588785,100.998317757009,2.56729906542056,0.732719626168224,15.891476635514,0.124738317757009,"Fresh",12,"Control",NA
"81A-1767","41","101","6918.900","01:30","00:25","13","2026-05-31 02:23:56","2026-05-31 02:25:38",13.5000943396226,100.978113207547,2.68025471698113,-0.529849056603774,141.575537735849,0.0384245283018868,"Fresh",11,"Control",NA
"81A-1767","43","101","6926.900","01:30","00:25","14","2026-05-31 02:26:57","2026-05-31 02:28:40",13.392523364486,101.006822429907,2.7293738317757,0.313168224299065,141.600869158879,0.0573644859813084,"Fresh",11,"1 µm",NA
"81A-1767","44","101","6926.900","01:30","00:25","14","2026-05-31 02:29:59","2026-05-31 02:31:42",159.899065420561,101.01214953271,2.61782242990654,0.776551401869159,16.1401308411215,0.0523551401869159,"Fresh",11,"45 µm",NA
"81A-1767","40","101","6926.900","01:30","00:25","13","2026-05-31 02:33:00","2026-05-31 02:34:42",13.3516037735849,101.003490566038,2.87556603773585,0.775462264150943,140.641660377359,0.144867924528302,"Fresh",10,"45 µm",NA
"81A-1767","38","101","6926.900","01:30","00:25","14","2026-05-31 02:36:02","2026-05-31 02:37:45",-72.9606542056075,101.009252336449,2.76261682242991,-0.529448598130841,73.2658411214953,0.0991308411214953,"Fresh",10,"Disturbance",NA
"81A-1767","45","101","6926.900","01:30","00:25","14","2026-05-31 02:39:05","2026-05-31 02:40:48",-70.131308411215,101.002710280374,2.6298785046729,0.703971962616822,15.7929158878505,0.126626168224299,"Fresh",12,"Control",NA
"81A-1767","41","101","6918.900","01:30","00:25","13","2026-05-31 03:23:56","2026-05-31 03:25:38",12.5765094339623,100.982735849057,2.67831132075472,-0.529849056603774,141.284018867925,0.0386792452830189,"Fresh",11,"Control",NA
"81A-1767","43","101","6926.900","01:30","00:25","14","2026-05-31 03:26:57","2026-05-31 03:28:40",12.4269158878505,101.007943925234,2.76728971962617,0.294392523364486,141.289747663551,0.0579158878504673,"Fresh",11,"1 µm",NA
"81A-1767","44","101","6926.900","01:30","00:25","14","2026-05-31 03:29:58","2026-05-31 03:31:41",160.576728971963,101.007476635514,2.64477570093458,0.766785046728972,15.9936261682243,0.0513177570093458,"Fresh",11,"45 µm",NA
"81A-1652","49","101","6926.900","01:30","00:25","13","2026-06-03 22:10:26","2026-06-03 22:12:08",16.0610377358491,99.433679245283,5.34905660377358,0.0347735849056604,87.812320754717,0.0381509433962264,"Control",NA,"Control",NA
"81A-1767","40","101","6926.900","01:30","00:25","13","2026-05-31 03:32:58","2026-05-31 03:34:40",12.2837735849057,101.005377358491,2.9035,0.774518867924528,140.435443396226,0.157849056603774,"Fresh",10,"45 µm",NA
"81A-1767","38","101","6926.900","01:30","00:25","14","2026-05-31 03:35:57","2026-05-31 03:37:40",-72.53,101.021869158879,2.76321495327103,-0.53088785046729,73.1059439252336,0.0979065420560748,"Fresh",10,"Disturbance",NA
"81A-1767","45","101","6926.900","01:30","00:25","14","2026-05-31 03:38:57","2026-05-31 03:40:40",-70.1594392523365,101.012710280374,2.66355140186916,0.684233644859813,15.6824205607477,0.128504672897196,"Fresh",12,"Control",NA
"81A-1767","41","101","6918.900","01:30","00:25","13","2026-05-31 04:23:56","2026-05-31 04:25:38",11.7974528301887,100.984150943396,2.67358490566038,-0.529160377358491,140.917094339623,0.0387547169811321,"Fresh",11,"Control",NA
"81A-1767","43","101","6926.900","01:30","00:25","14","2026-05-31 04:26:57","2026-05-31 04:28:40",11.6360747663551,101.013364485981,2.73272897196262,0.338700934579439,140.840588785047,0.0580093457943925,"Fresh",11,"1 µm",NA
"81A-1767","44","101","6926.900","01:30","00:25","14","2026-05-31 04:29:58","2026-05-31 04:31:41",159.484579439252,101.01214953271,2.58514018691589,0.758252336448598,15.8308691588785,0.0512242990654206,"Fresh",11,"45 µm",NA
"81A-1767","40","101","6926.900","01:30","00:25","13","2026-05-31 04:32:58","2026-05-31 04:34:40",11.2748113207547,101.01179245283,2.87648113207547,0.773066037735849,140.266556603774,0.187952830188679,"Fresh",10,"45 µm",NA
"81A-1767","38","101","6926.900","01:30","00:25","14","2026-05-31 04:35:57","2026-05-31 04:37:40",-73.4582242990654,101.025420560748,2.76167289719626,-0.529897196261682,72.947738317757,0.0939906542056075,"Fresh",10,"Disturbance",NA
"81A-1767","45","101","6926.900","01:30","00:25","14","2026-05-31 04:38:57","2026-05-31 04:40:40",-69.7032710280374,101.017196261682,2.62128037383178,0.786420560747664,15.5599719626168,0.129084112149533,"Fresh",12,"Control",NA
"81A-1767","41","101","6918.900","01:30","00:25","13","2026-05-31 05:23:56","2026-05-31 05:25:38",11.2831132075472,100.994528301887,2.67452830188679,-0.529160377358491,140.591981132075,0.0390377358490566,"Fresh",11,"Control",NA
"81A-1652","13","101","6926.900","01:30","00:25","13","2026-06-03 22:58:31","2026-06-03 23:00:13",-69.6315094339623,99.4,5.34905660377358,2.89543396226415,87.7394622641509,0.0328018867924528,"Control",4,"Control",NA
"81A-1767","43","101","6926.900","01:30","00:25","14","2026-05-31 05:26:57","2026-05-31 05:28:40",11.1558878504673,101.02691588785,2.6898785046729,0.33596261682243,140.447364485981,0.0583084112149533,"Fresh",11,"1 µm",NA
"81A-1767","44","101","6926.900","01:30","00:25","14","2026-05-31 05:29:58","2026-05-31 05:31:41",158.535981308411,101.027289719626,2.57570093457944,0.782205607476636,15.6581775700935,0.0509439252336449,"Fresh",11,"45 µm",NA
"81A-1767","40","101","6926.900","01:30","00:25","13","2026-05-31 05:32:58","2026-05-31 05:34:40",10.7571698113208,101.019056603774,2.86509433962264,0.774518867924528,140.124443396226,0.191528301886792,"Fresh",10,"45 µm",NA
"81A-1767","38","101","6926.900","01:30","00:25","14","2026-05-31 05:35:57","2026-05-31 05:37:40",-73.4442056074766,101.023364485981,2.74336448598131,-0.529897196261682,72.8627102803738,0.0951775700934579,"Fresh",10,"Disturbance",NA
"81A-1767","45","101","6926.900","01:30","00:25","14","2026-05-31 05:38:59","2026-05-31 05:40:42",-70.5658878504673,101.015420560748,2.6264953271028,0.774084112149533,15.4376542056075,0.125130841121495,"Fresh",12,"Control",NA
"81A-1767","41","101","6918.900","01:30","00:25","13","2026-05-31 06:23:56","2026-05-31 06:25:38",10.7217924528302,101.011698113208,2.67452830188679,-0.528858490566038,140.137452830189,0.0397264150943396,"Fresh",11,"Control",NA
"81A-1767","43","101","6926.900","01:30","00:25","14","2026-05-31 06:26:57","2026-05-31 06:28:40",10.6946728971963,101.048504672897,2.68507476635514,0.334934579439252,140.140448598131,0.0589065420560748,"Fresh",11,"1 µm",NA
"81A-1767","44","101","6926.900","01:30","00:25","14","2026-05-31 06:29:57","2026-05-31 06:31:40",157.772803738318,101.054205607477,2.57943925233645,0.780822429906542,15.4832990654206,0.0506542056074766,"Fresh",11,"45 µm",NA
"81A-1767","40","101","6926.900","01:30","00:25","13","2026-05-31 06:32:57","2026-05-31 06:34:39",10.4588679245283,101.058679245283,2.95721698113208,0.773584905660377,139.847264150943,0.2005,"Fresh",10,"45 µm",NA
"81A-1767","38","101","6926.900","01:30","00:25","14","2026-05-31 06:35:56","2026-05-31 06:37:39",-73.4289719626168,101.076448598131,2.77540186915888,-0.529897196261682,72.9767663551402,0.0929813084112149,"Fresh",10,"Disturbance",NA
"81A-1652","14","101","6926.900","01:30","00:25","12","2026-06-03 23:01:32","2026-06-03 23:03:13",-71.2834285714286,99.4409523809524,5.44666666666667,2.76197142857143,88.6854380952381,0.0432190476190476,"Control",4,"Disturbance",NA
"81A-1767","45","101","6926.900","01:30","00:25","14","2026-05-31 06:38:56","2026-05-31 06:40:39",-70.6214018691589,101.073738317757,2.65220560747664,0.761130841121495,15.3123177570093,0.127420560747664,"Fresh",12,"Control",NA
"81A-1767","41","101","6918.900","01:30","00:25","13","2026-05-31 07:23:56","2026-05-31 07:25:38",11.4983962264151,101.042924528302,2.67452830188679,-0.528858490566038,139.81670754717,0.0401509433962264,"Fresh",11,"Control",NA
"81A-1767","43","101","6926.900","01:30","00:25","14","2026-05-31 07:26:57","2026-05-31 07:28:40",11.6426168224299,101.078130841121,2.67943925233645,0.33781308411215,139.828626168224,0.0578971962616822,"Fresh",11,"1 µm",NA
"81A-1767","44","101","6926.900","01:30","00:25","14","2026-05-31 07:29:58","2026-05-31 07:31:41",157.353738317757,101.07953271028,2.57570093457944,0.735897196261682,15.3308504672897,0.0514018691588785,"Fresh",11,"45 µm",NA
"81A-1767","40","101","6926.900","01:30","00:25","13","2026-05-31 07:32:58","2026-05-31 07:34:40",11.4840566037736,101.077924528302,2.91978301886792,0.774,139.626801886792,0.203207547169811,"Fresh",10,"45 µm",NA
"81A-1767","38","101","6926.900","01:30","00:25","14","2026-05-31 07:35:57","2026-05-31 07:37:40",-73.068691588785,101.085981308411,2.75848598130841,-0.529897196261682,73.1411028037383,0.0960280373831776,"Fresh",10,"Disturbance",NA
"81A-1767","45","101","6926.900","01:30","00:25","14","2026-05-31 07:38:57","2026-05-31 07:40:40",-70.4330841121495,101.076542056075,2.63501869158878,0.73481308411215,15.2056261682243,0.125420560747664,"Fresh",12,"Control",NA
"81A-1767","41","101","6918.900","01:30","00:25","13","2026-05-31 08:23:56","2026-05-31 08:25:38",13.3954716981132,101.052358490566,2.67452830188679,-0.528858490566038,139.822632075472,0.0401415094339623,"Fresh",11,"Control",NA
"81A-1767","43","101","6926.900","01:30","00:25","14","2026-05-31 08:26:56","2026-05-31 08:28:39",13.5907476635514,101.081308411215,2.67476635514019,0.33781308411215,139.775831775701,0.0567102803738318,"Fresh",11,"1 µm",NA
"81A-1767","44","101","6926.900","01:30","00:25","14","2026-05-31 08:29:58","2026-05-31 08:31:41",157.327943925234,101.082429906542,2.57570093457944,0.736457943925234,15.2535420560748,0.0529719626168224,"Fresh",11,"45 µm",NA
"81A-1652","15","101","6926.900","01:30","00:25","12","2026-06-03 23:04:32","2026-06-03 23:06:13",15.7555238095238,99.416,5.34857142857143,2.77432380952381,145.60679047619,0.038752380952381,"Control",4,"1 µm",NA
"81A-1767","40","101","6926.900","01:30","00:25","13","2026-05-31 08:32:58","2026-05-31 08:34:40",13.6039622641509,101.077641509434,2.86981132075472,0.775245283018868,139.604245283019,0.17877358490566,"Fresh",10,"45 µm",NA
"81A-1767","38","101","6926.900","01:30","00:25","14","2026-05-31 08:35:58","2026-05-31 08:37:41",-72.8835514018692,101.083271028037,2.72232710280374,-0.528971962616822,73.1708411214953,0.0969626168224299,"Fresh",10,"Disturbance",NA
"81A-1767","45","101","6926.900","01:30","00:25","14","2026-05-31 08:38:58","2026-05-31 08:40:41",-70.2314953271028,101.078130841121,2.61381308411215,0.814794392523364,15.1593551401869,0.121140186915888,"Fresh",12,"Control",NA
"81A-1767","41","101","6918.900","01:30","00:25","13","2026-05-31 09:23:56","2026-05-31 09:25:38",15.8291509433962,101.026603773585,2.67452830188679,-0.528962264150943,140.187320754717,0.0396415094339623,"Fresh",11,"Control",NA
"81A-1767","43","101","6926.900","01:30","00:25","14","2026-05-31 09:26:57","2026-05-31 09:28:40",15.8679439252336,101.056074766355,2.68317757009346,0.29696261682243,140.251887850467,0.0555514018691589,"Fresh",11,"1 µm",NA
"81A-1767","44","101","6926.900","01:30","00:25","14","2026-05-31 09:29:59","2026-05-31 09:31:42",159.394392523364,101.054392523364,2.58224299065421,0.736560747663551,15.2724672897196,0.0548504672897196,"Fresh",11,"45 µm",NA
"81A-1767","40","101","6926.900","01:30","00:25","13","2026-05-31 09:32:59","2026-05-31 09:34:41",15.7938679245283,101.049528301887,2.88225471698113,0.774622641509434,139.957726415094,0.150792452830189,"Fresh",10,"45 µm",NA
"81A-1767","38","101","6926.900","01:30","00:25","14","2026-05-31 09:35:58","2026-05-31 09:37:41",-72.4639252336449,101.063457943925,2.76218691588785,-0.529897196261682,73.2120654205607,0.0964485981308411,"Fresh",10,"Disturbance",NA
"81A-1767","45","101","6926.900","01:30","00:25","14","2026-05-31 09:38:58","2026-05-31 09:40:41",-70.0038317757009,101.055420560748,2.63375700934579,0.681971962616822,15.1937289719626,0.120822429906542,"Fresh",12,"Control",NA
"81A-1767","41","101","6918.900","01:30","00:25","13","2026-05-31 10:23:56","2026-05-31 10:25:38",17.8,101.024811320755,2.67547169811321,-0.529849056603774,141.219028301887,0.0386603773584906,"Fresh",11,"Control",NA
"81A-1652","16","101","6926.900","01:30","00:25","12","2026-06-03 23:07:32","2026-06-03 23:09:13",15.6229523809524,99.7154285714286,5.15047619047619,2.76353333333333,21.0125142857143,0.0349333333333333,"Control",4,"45 µm",NA
"81A-1767","43","101","6926.900","01:30","00:25","14","2026-05-31 10:26:57","2026-05-31 10:28:40",17.9257943925234,101.054018691589,2.73039252336449,0.338598130841122,141.201794392523,0.0546635514018692,"Fresh",11,"1 µm",NA
"81A-1767","44","101","6926.900","01:30","00:25","14","2026-05-31 10:30:00","2026-05-31 10:31:42",160.59308411215,101.05214953271,2.57757009345794,0.758579439252337,15.3732990654206,0.0566168224299065,"Fresh",11,"45 µm",NA
"81A-1767","40","101","6926.900","01:30","00:25","13","2026-05-31 10:33:00","2026-05-31 10:34:42",17.8533962264151,101.040943396226,2.86416037735849,0.774490566037736,140.280726415094,0.149018867924528,"Fresh",10,"45 µm",NA
"81A-1767","38","101","6926.900","01:30","00:25","14","2026-05-31 10:35:59","2026-05-31 10:37:42",-72.6903738317757,101.049719626168,2.75777570093458,-0.53088785046729,73.1459158878505,0.0958504672897196,"Fresh",10,"Disturbance",NA
"81A-1767","45","101","6926.900","01:30","00:25","14","2026-05-31 10:38:59","2026-05-31 10:40:42",-69.88,101.044205607477,2.60218691588785,0.701813084112149,15.2952897196262,0.112299065420561,"Fresh",12,"Control",NA
"81A-1767","41","101","6918.900","01:30","00:25","13","2026-05-31 11:23:57","2026-05-31 11:25:38",22.1306603773585,100.976226415094,2.67169811320755,-0.529952830188679,141.974537735849,0.0379245283018868,"Fresh",11,"Control",NA
"81A-1767","43","101","6926.900","01:30","00:25","14","2026-05-31 11:26:57","2026-05-31 11:28:41",19.5851401869159,101.005420560748,2.69155140186916,0.338803738317757,142.187747663551,0.0539252336448598,"Fresh",11,"1 µm",NA
"81A-1767","44","101","6926.900","01:30","00:25","14","2026-05-31 11:29:59","2026-05-31 11:31:42",161.936261682243,101.007196261682,2.57102803738318,0.733168224299065,15.5238971962617,0.0594485981308411,"Fresh",11,"45 µm",NA
"81A-1767","40","101","6926.900","01:30","00:25","13","2026-05-31 11:33:00","2026-05-31 11:34:41",19.5012264150943,101.003396226415,2.8628679245283,0.774943396226415,140.709490566038,0.1415,"Fresh",10,"45 µm",NA
"81A-1767","38","101","6926.900","01:30","00:25","14","2026-05-31 11:35:58","2026-05-31 11:37:41",-72.5446728971963,101.008224299065,2.67383177570093,-0.53,73.1850186915888,0.0955046728971963,"Fresh",10,"Disturbance",NA
"81A-1652","16","101","6926.900","01:30","00:25","12","2026-06-03 16:08:10","2026-06-03 16:09:51",25.42,99.6541904761905,5.04952380952381,2.76540952380952,20.1507047619048,0.0415047619047619,"Control",4,"45 µm",NA
"81A-1652","49","101","6926.900","01:30","00:25","13","2026-06-03 23:10:30","2026-06-03 23:12:12",15.8493396226415,99.4348113207547,5.4377358490566,0.0349905660377358,87.8413867924528,0.0373207547169811,"Control",NA,"Control",NA
"81A-1767","45","101","6926.900","01:30","00:25","14","2026-05-31 11:38:58","2026-05-31 11:40:41",-69.5488785046729,101.000093457944,2.56542056074766,0.688672897196262,15.4185607476636,0.110532710280374,"Fresh",12,"Control",NA
"81A-1767","41","101","6918.900","01:30","00:25","13","2026-05-31 12:23:56","2026-05-31 12:25:38",20.987641509434,100.885377358491,2.66509433962264,-0.530839622641509,144.210339622641,0.0358396226415094,"Fresh",11,"Control",NA
"81A-1767","43","101","6926.900","01:30","00:25","14","2026-05-31 12:26:58","2026-05-31 12:28:40",21.688785046729,100.908785046729,2.72183177570093,0.338803738317757,144.231121495327,0.0529626168224299,"Fresh",11,"1 µm",NA
"81A-1767","44","101","6926.900","01:30","00:25","14","2026-05-31 12:29:59","2026-05-31 12:31:42",165.215046728972,100.902429906542,2.56822429906542,0.737448598130841,15.7128037383178,0.0626635514018692,"Fresh",11,"45 µm",NA
"81A-1767","40","101","6926.900","01:30","00:25","13","2026-05-31 12:32:59","2026-05-31 12:34:41",21.5240566037736,100.892169811321,2.86475471698113,0.775509433962264,141.168924528302,0.14138679245283,"Fresh",10,"45 µm",NA
"81A-1767","38","101","6926.900","01:30","00:25","14","2026-05-31 12:35:59","2026-05-31 12:37:41",-71.5447663551402,100.896542056075,2.6767476635514,-0.526140186915888,73.2365981308411,0.095196261682243,"Fresh",10,"Disturbance",NA
"81A-1767","45","101","6926.900","01:30","00:25","14","2026-05-31 12:38:59","2026-05-31 12:40:42",-68.8930841121495,100.886728971963,2.56918691588785,0.697205607476636,15.5568411214953,0.111158878504673,"Fresh",12,"Control",NA
"81A-1767","41","101","6918.900","01:30","00:25","13","2026-05-31 13:23:57","2026-05-31 13:25:39",21.9091509433962,100.805,2.66415094339623,-0.530943396226415,145.319264150943,0.035188679245283,"Fresh",11,"Control",NA
"81A-1767","43","101","6926.900","01:30","00:25","14","2026-05-31 13:26:57","2026-05-31 13:28:40",24.8185981308411,100.834672897196,2.67319626168224,0.338700934579439,145.073046728972,0.0535607476635514,"Fresh",11,"1 µm",NA
"81A-1767","44","101","6926.900","01:30","00:25","14","2026-05-31 13:29:57","2026-05-31 13:31:40",166.628224299065,100.82785046729,2.56542056074766,0.759570093457944,16.0281121495327,0.0736822429906542,"Fresh",11,"45 µm",NA
"81A-1652","13","101","6926.900","01:30","00:25","13","2026-06-03 23:58:31","2026-06-04 00:00:13",-70.0781132075472,99.3642452830189,5.34905660377358,2.89407547169811,87.720358490566,0.0330188679245283,"Control",4,"Control",NA
"81A-1767","40","101","6926.900","01:30","00:25","13","2026-05-31 13:32:57","2026-05-31 13:34:39",21.2599056603774,100.822452830189,2.86603773584906,0.775198113207547,141.167556603774,0.141537735849057,"Fresh",10,"45 µm",NA
"81A-1767","38","101","6926.900","01:30","00:25","14","2026-05-31 13:35:56","2026-05-31 13:37:39",-72.3080373831776,100.827476635514,2.66355140186916,-0.524364485981308,73.4033644859813,0.096607476635514,"Fresh",10,"Disturbance",NA
"81A-1767","45","101","6926.900","01:30","00:25","14","2026-05-31 13:38:56","2026-05-31 13:40:39",-68.378785046729,100.813271028037,2.56635514018692,0.816401869158878,15.7118317757009,0.111084112149533,"Fresh",12,"Control",NA
"81A-1767","41","101","6918.900","01:30","00:25","13","2026-05-31 14:23:57","2026-05-31 14:25:39",22.0521698113208,100.703679245283,2.66224528301887,-0.531830188679245,145.847216981132,0.0347641509433962,"Fresh",11,"Control",NA
"81A-1767","43","101","6926.900","01:30","00:25","14","2026-05-31 14:26:58","2026-05-31 14:28:41",22.3145794392523,100.731962616822,2.66355140186916,0.33688785046729,145.789429906542,0.0544018691588785,"Fresh",11,"1 µm",NA
"81A-1767","44","101","6926.900","01:30","00:25","14","2026-05-31 14:29:59","2026-05-31 14:31:42",167.098971962617,100.721682242991,2.56448598130841,0.752252336448598,16.4380186915888,0.0709252336448598,"Fresh",11,"45 µm",NA
"81A-1767","40","101","6926.900","01:30","00:25","13","2026-05-31 14:32:59","2026-05-31 14:34:41",21.7075471698113,100.711320754717,2.8622641509434,0.775509433962264,141.0765,0.142603773584906,"Fresh",10,"45 µm",NA
"81A-1767","38","101","6926.900","01:30","00:25","14","2026-05-31 14:35:59","2026-05-31 14:37:42",-72.1615887850467,100.721028037383,2.66448598130841,-0.523476635514019,73.3156168224299,0.0955046728971963,"Fresh",10,"Disturbance",NA
"81A-1767","45","101","6926.900","01:30","00:25","14","2026-05-31 14:38:59","2026-05-31 14:40:42",-69.1742056074766,100.710747663551,2.56448598130841,0.770448598130841,15.8467757009346,0.111168224299065,"Fresh",12,"Control",NA
"81A-1767","41","101","6918.900","01:30","00:25","13","2026-05-31 15:23:56","2026-05-31 15:25:38",21.9365094339623,100.594528301887,2.66415094339623,-0.531830188679245,146.224179245283,0.0346792452830189,"Fresh",11,"Control",NA
"81A-1652","14","101","6926.900","01:30","00:25","12","2026-06-04 00:01:32","2026-06-04 00:03:13",-71.6749523809524,99.4005714285714,5.44761904761905,2.76119047619048,88.6112857142857,0.0420952380952381,"Control",4,"Disturbance",NA
"81A-1767","43","101","6926.900","01:30","00:25","13","2026-05-31 15:26:57","2026-05-31 15:28:39",22.3104716981132,100.611320754717,2.66794339622642,0.332490566037736,146.195273584906,0.0541792452830189,"Fresh",11,"1 µm",NA
"81A-1767","44","101","6926.900","01:30","00:25","14","2026-05-31 15:29:58","2026-05-31 15:31:41",167.345420560748,100.616822429907,2.56448598130841,0.782579439252337,16.591476635514,0.0656355140186916,"Fresh",11,"45 µm",NA
"81A-1767","40","101","6926.900","01:30","00:25","13","2026-05-31 15:32:58","2026-05-31 15:34:40",21.9316981132075,100.609716981132,2.86981132075472,0.77561320754717,141.104358490566,0.142556603773585,"Fresh",10,"45 µm",NA
"81A-1767","38","101","6926.900","01:30","00:25","14","2026-05-31 15:35:59","2026-05-31 15:37:42",-71.975046728972,100.616728971963,2.66355140186916,-0.523476635514019,73.3382242990654,0.0952056074766355,"Fresh",10,"Disturbance",NA
"81A-1767","45","101","6926.900","01:30","00:25","14","2026-05-31 15:38:59","2026-05-31 15:40:42",-69.0264485981308,100.606074766355,2.57009345794393,0.741869158878505,15.9552523364486,0.111289719626168,"Fresh",12,"Control",NA
"81A-1767","41","101","6918.900","01:30","00:25","13","2026-05-31 16:23:57","2026-05-31 16:25:39",21.7379245283019,100.519622641509,2.66415094339623,-0.531820754716981,146.34408490566,0.034622641509434,"Fresh",11,"Control",NA
"81A-1767","43","101","6926.900","01:30","00:25","13","2026-05-31 16:26:57","2026-05-31 16:28:39",21.8744339622642,100.535,2.66475471698113,0.335801886792453,146.326877358491,0.0539528301886792,"Fresh",11,"1 µm",NA
"81A-1767","44","101","6926.900","01:30","00:25","14","2026-05-31 16:29:57","2026-05-31 16:31:40",167.308130841122,100.537663551402,2.56448598130841,0.780476635514019,16.6667663551402,0.0648411214953271,"Fresh",11,"45 µm",NA
"81A-1767","40","101","6926.900","01:30","00:25","13","2026-05-31 16:32:57","2026-05-31 16:34:39",21.8271698113208,100.529811320755,2.8628679245283,0.775094339622642,141.059443396226,0.142490566037736,"Fresh",10,"45 µm",NA
"81A-1767","38","101","6926.900","01:30","00:25","14","2026-05-31 16:35:58","2026-05-31 16:37:41",-71.8343925233645,100.536822429907,2.66542056074766,-0.523168224299065,73.4405140186916,0.0947289719626168,"Fresh",10,"Disturbance",NA
"81A-1652","15","101","6926.900","01:30","00:25","13","2026-06-04 00:04:32","2026-06-04 00:06:14",15.3147169811321,99.387358490566,5.34905660377358,2.77368867924528,145.285990566038,0.0384150943396226,"Control",4,"1 µm",NA
"81A-1767","45","101","6926.900","01:30","00:25","14","2026-05-31 16:39:00","2026-05-31 16:40:43",-68.9922429906542,100.523271028037,2.56915887850467,0.727373831775701,16.0478878504673,0.112056074766355,"Fresh",12,"Control",NA
"81A-1767","41","101","6918.900","01:30","00:25","13","2026-05-31 17:23:57","2026-05-31 17:25:39",21.1393396226415,100.44641509434,2.66415094339623,-0.531830188679245,146.405754716981,0.0346415094339623,"Fresh",11,"Control",NA
"81A-1767","43","101","6926.900","01:30","00:25","14","2026-05-31 17:26:58","2026-05-31 17:28:41",21.052523364486,100.472523364486,2.66448598130841,0.303794392523364,146.342822429907,0.0537476635514019,"Fresh",11,"1 µm",NA
"81A-1767","44","101","6926.900","01:30","00:25","14","2026-05-31 17:30:00","2026-05-31 17:31:43",168.208785046729,100.470093457944,2.56542056074766,0.73614953271028,16.7061028037383,0.0624299065420561,"Fresh",11,"45 µm",NA
"81A-1767","40","101","6926.900","01:30","00:25","13","2026-05-31 17:33:00","2026-05-31 17:34:42",20.9040566037736,100.461132075472,2.86192452830189,0.77561320754717,141.033811320755,0.139518867924528,"Fresh",10,"45 µm",NA
"81A-1767","38","101","6926.900","01:30","00:25","14","2026-05-31 17:36:01","2026-05-31 17:37:44",-71.5952336448598,100.466074766355,2.66542056074766,-0.52003738317757,73.3802429906542,0.0945700934579439,"Fresh",10,"Disturbance",NA
"81A-1767","45","101","6926.900","01:30","00:25","14","2026-05-31 17:39:01","2026-05-31 17:40:44",-68.8542990654206,100.452242990654,2.56822429906542,0.691289719626168,16.1132336448598,0.112056074766355,"Fresh",12,"Control",NA
"81A-1767","41","101","6918.900","01:30","00:25","13","2026-05-31 18:23:56","2026-05-31 18:25:38",20.2633962264151,100.378301886792,2.66415094339623,-0.531141509433962,146.219849056604,0.0346981132075472,"Fresh",11,"Control",NA
"81A-1767","43","101","6926.900","01:30","00:25","13","2026-05-31 18:26:56","2026-05-31 18:28:38",20.3146226415094,100.395660377358,2.66509433962264,0.334509433962264,146.211056603774,0.0539716981132076,"Fresh",11,"1 µm",NA
"81A-1767","44","101","6926.900","01:30","00:25","14","2026-05-31 18:29:57","2026-05-31 18:31:40",167.804205607477,100.399719626168,2.56542056074766,0.764542056074766,16.7092056074766,0.060607476635514,"Fresh",11,"45 µm",NA
"81A-1652","16","101","6926.900","01:30","00:25","12","2026-06-04 00:07:31","2026-06-04 00:09:12",15.1044761904762,99.6819047619048,5.15047619047619,2.76274285714286,20.9245238095238,0.0351619047619048,"Control",4,"45 µm",NA
"81A-1767","40","101","6926.900","01:30","00:25","13","2026-05-31 18:32:57","2026-05-31 18:34:39",20.0295283018868,100.391509433962,2.86415094339623,0.775198113207547,141.162462264151,0.137716981132075,"Fresh",10,"45 µm",NA
"81A-1767","38","101","6926.900","01:30","00:25","14","2026-05-31 18:35:58","2026-05-31 18:37:41",-71.4092523364486,100.400654205607,2.66728971962617,-0.529317757009346,73.2531028037383,0.0938878504672897,"Fresh",10,"Disturbance",NA
"81A-1767","45","101","6926.900","01:30","00:25","14","2026-05-31 18:38:58","2026-05-31 18:40:41",-68.5435514018692,100.391588785047,2.57009345794393,0.80396261682243,16.1434392523364,0.112355140186916,"Fresh",12,"Control",NA
"81A-1767","41","101","6918.900","01:30","00:25","13","2026-05-31 19:23:56","2026-05-31 19:25:38",19.2519811320755,100.361509433962,2.66415094339623,-0.531141509433962,145.970518867925,0.0347641509433962,"Fresh",11,"Control",NA
"81A-1767","43","101","6926.900","01:30","00:25","14","2026-05-31 19:26:56","2026-05-31 19:28:39",19.298691588785,100.390093457944,2.66448598130841,0.333644859813084,145.904672897196,0.0537383177570094,"Fresh",11,"1 µm",NA
"81A-1767","44","101","6926.900","01:30","00:25","14","2026-05-31 19:29:57","2026-05-31 19:31:40",167.334579439252,100.38691588785,2.56448598130841,0.758065420560748,16.6891495327103,0.0583271028037383,"Fresh",11,"45 µm",NA
"81A-1767","40","101","6926.900","01:30","00:25","13","2026-05-31 19:32:58","2026-05-31 19:34:40",19.116320754717,100.383113207547,2.86415094339623,0.774792452830189,141.285037735849,0.135839622641509,"Fresh",10,"45 µm",NA
"81A-1767","38","101","6926.900","01:30","00:25","14","2026-05-31 19:35:57","2026-05-31 19:37:40",-72.5142056074766,100.393551401869,2.66448598130841,-0.531878504672897,73.3019813084112,0.0943271028037383,"Fresh",10,"Disturbance",NA
"81A-1767","45","101","6926.900","01:30","00:25","14","2026-05-31 19:38:57","2026-05-31 19:40:40",-68.6234579439252,100.38953271028,2.56728971962617,0.816401869158878,16.1437196261682,0.112663551401869,"Fresh",12,"Control",NA
"81A-1767","41","101","6918.900","01:30","00:25","13","2026-05-31 20:23:56","2026-05-31 20:25:38",18.347358490566,100.361698113208,2.66509433962264,-0.531141509433962,145.504877358491,0.0349622641509434,"Fresh",11,"Control",NA
"81A-1652","49","101","6926.900","01:30","00:25","13","2026-06-04 00:10:29","2026-06-04 00:12:11",15.3882075471698,99.3969811320755,5.44150943396226,0.0354622641509434,87.8714245283019,0.0372169811320755,"Control",NA,"Control",NA
"81A-1767","43","101","6926.900","01:30","00:25","14","2026-05-31 20:26:57","2026-05-31 20:28:40",18.3520560747664,100.392336448598,2.66730841121495,0.332719626168224,145.516813084112,0.0538785046728972,"Fresh",11,"1 µm",NA
"81A-1767","44","101","6926.900","01:30","00:25","14","2026-05-31 20:29:58","2026-05-31 20:31:41",166.371214953271,100.39046728972,2.56448598130841,0.782327102803738,16.643261682243,0.0564579439252336,"Fresh",11,"45 µm",NA
"81A-1767","40","101","6926.900","01:30","00:25","13","2026-05-31 20:32:59","2026-05-31 20:34:41",18.1792452830189,100.386509433962,2.87075471698113,0.77427358490566,141.299924528302,0.133716981132075,"Fresh",10,"45 µm",NA
"81A-1767","38","101","6926.900","01:30","00:25","14","2026-05-31 20:35:58","2026-05-31 20:37:41",-72.3417757009346,100.399719626168,2.66635514018692,-0.532766355140187,73.4014859813084,0.0924579439252337,"Fresh",10,"Disturbance",NA
"81A-1767","45","101","6926.900","01:30","00:25","14","2026-05-31 20:38:58","2026-05-31 20:40:41",-69.4406542056075,100.393831775701,2.56728971962617,0.741803738317757,16.1226074766355,0.114607476635514,"Fresh",12,"Control",NA
"81A-1767","41","101","6918.900","01:30","00:25","13","2026-05-31 21:23:56","2026-05-31 21:25:38",17.3997169811321,100.381037735849,2.66509433962264,-0.530839622641509,145.075849056604,0.0354811320754717,"Fresh",11,"Control",NA
"81A-1767","43","101","6926.900","01:30","00:25","14","2026-05-31 21:26:57","2026-05-31 21:28:40",17.4741121495327,100.417476635514,2.69391588785047,0.307532710280374,144.900654205607,0.054392523364486,"Fresh",11,"1 µm",NA
"81A-1767","44","101","6926.900","01:30","00:25","14","2026-05-31 21:29:59","2026-05-31 21:31:42",165.229158878505,100.42,2.56542056074766,0.736046728971963,16.5777943925234,0.0546635514018692,"Fresh",11,"45 µm",NA
"81A-1767","40","101","6926.900","01:30","00:25","13","2026-05-31 21:32:59","2026-05-31 21:34:41",17.2732075471698,100.422830188679,2.8688679245283,0.774518867924528,141.32770754717,0.132066037735849,"Fresh",10,"45 µm",NA
"81A-1767","38","101","6926.900","01:30","00:25","14","2026-05-31 21:35:58","2026-05-31 21:37:41",-72.2553271028037,100.436355140187,2.66542056074766,-0.531878504672897,73.3472803738318,0.0928224299065421,"Fresh",10,"Disturbance",NA
"81A-1652","13","101","6926.900","01:30","00:25","13","2026-06-04 00:58:31","2026-06-04 01:00:13",-70.1231132075472,99.3571698113208,5.34905660377358,2.89553773584906,87.6611320754717,0.0338867924528302,"Control",4,"Control",NA
"81A-1767","45","101","6926.900","01:30","00:25","14","2026-05-31 21:38:58","2026-05-31 21:40:41",-69.4936448598131,100.434299065421,2.56635514018692,0.720794392523364,16.0794392523364,0.114663551401869,"Fresh",12,"Control",NA
"81A-1767","41","101","6918.900","01:30","00:25","13","2026-05-31 22:23:56","2026-05-31 22:25:38",16.7325471698113,100.464622641509,2.66509433962264,-0.530839622641509,144.547773584906,0.0357169811320755,"Fresh",11,"Control",NA
"81A-1767","43","101","6926.900","01:30","00:25","14","2026-05-31 22:26:56","2026-05-31 22:28:39",16.6548598130841,100.494018691589,2.66542056074766,0.333654205607477,144.463242990654,0.0546635514018692,"Fresh",11,"1 µm",NA
"81A-1767","44","101","6926.900","01:30","00:25","14","2026-05-31 22:29:57","2026-05-31 22:31:40",164.447663551402,100.497102803738,2.56355140186916,0.767588785046729,16.5002429906542,0.0547757009345794,"Fresh",11,"45 µm",NA
"81A-1767","40","101","6926.900","01:30","00:25","13","2026-05-31 22:32:57","2026-05-31 22:34:39",16.5283962264151,100.494339622642,2.86698113207547,0.775509433962264,141.313566037736,0.130433962264151,"Fresh",10,"45 µm",NA
"81A-1767","38","101","6926.900","01:30","00:25","14","2026-05-31 22:35:57","2026-05-31 22:37:40",-72.3881308411215,100.506074766355,2.66448598130841,-0.531878504672897,73.4261775700935,0.0921028037383178,"Fresh",10,"Disturbance",NA
"81A-1767","45","101","6926.900","01:30","00:25","14","2026-05-31 22:38:57","2026-05-31 22:40:40",-69.6321495327103,100.501214953271,2.56635514018692,0.738373831775701,16.0276261682243,0.113785046728972,"Fresh",12,"Control",NA
"81A-1767","41","101","6918.900","01:30","00:25","13","2026-05-31 23:23:56","2026-05-31 23:25:38",16.0584905660377,100.457358490566,2.66509433962264,-0.530839622641509,144.026386792453,0.0359905660377358,"Fresh",11,"Control",NA
"81A-1767","43","101","6926.900","01:30","00:25","14","2026-05-31 23:26:57","2026-05-31 23:28:40",16.0579439252336,100.488224299065,2.71244859813084,0.307542056074766,143.984177570093,0.0544018691588785,"Fresh",11,"1 µm",NA
"81A-1767","44","101","6926.900","01:30","00:25","14","2026-05-31 23:29:59","2026-05-31 23:31:42",163.595887850467,100.488224299065,2.56729906542056,0.775626168224299,16.4124859813084,0.053392523364486,"Fresh",11,"45 µm",NA
"81A-1652","14","101","6926.900","01:30","00:25","12","2026-06-04 01:01:30","2026-06-04 01:03:11",-72.0213333333333,99.3964761904762,5.44761904761905,2.76165714285714,88.5724666666667,0.0436666666666667,"Control",4,"Disturbance",NA
"81A-1767","40","101","6926.900","01:30","00:25","13","2026-05-31 23:32:59","2026-05-31 23:34:41",15.9308490566038,100.481886792453,2.86947169811321,0.774528301886792,141.251764150943,0.130896226415094,"Fresh",10,"45 µm",NA
"81A-1767","38","101","6926.900","01:30","00:25","14","2026-05-31 23:35:59","2026-05-31 23:37:42",-72.2263551401869,100.488411214953,2.70281308411215,-0.531570093457944,73.3823457943925,0.0953738317757009,"Fresh",10,"Disturbance",NA
"81A-1767","41","101","6918.9","01:30","00:25","13","2026-06-01 00:06:08","2026-06-01 00:07:50",15.7242452830189,100.424056603774,2.66415094339623,-0.531047169811321,143.430518867925,0.036877358490566,"Fresh",11,"Control",NA
"81A-1767","43","101","6926.900","01:30","00:25","14","2026-06-01 00:09:08","2026-06-01 00:10:51",15.7206542056075,100.460280373832,2.73592523364486,0.332859813084112,143.56838317757,0.0548878504672897,"Fresh",11,"1 µm",NA
"81A-1767","44","101","6926.900","01:30","00:25","14","2026-06-01 00:12:10","2026-06-01 00:13:53",164.106822429907,100.461121495327,2.5701214953271,0.736046728971963,16.3432523364486,0.0531401869158879,"Fresh",11,"45 µm",NA
"81A-1767","40","101","6926.900","01:30","00:25","13","2026-06-01 00:15:10","2026-06-01 00:16:52",15.5256603773585,100.457735849057,2.86981132075472,0.775405660377358,140.989754716981,0.131849056603774,"Fresh",10,"45 µm",NA
"81A-1767","38","101","6926.900","01:30","00:25","14","2026-06-01 00:18:11","2026-06-01 00:19:54",-72.7316822429907,100.463738317757,2.70827102803738,-0.494252336448598,73.548,0.0937943925233645,"Fresh",10,"Disturbance",NA
"81A-1767","45","101","6926.900","01:30","00:25","14","2026-06-01 00:21:13","2026-06-01 00:22:56",-69.1960747663551,100.453457943925,2.58642990654206,0.816093457943925,15.9205140186916,0.11703738317757,"Fresh",12,"Control",NA
"81A-1767","41","101","6918.900","01:30","00:25","13","2026-06-01 00:24:17","2026-06-01 00:25:59",15.6287735849057,100.446037735849,2.67075471698113,-0.404858490566038,143.679896226415,0.0365,"Fresh",11,"Control",NA
"81A-1767","43","101","6926.900","01:30","00:25","14","2026-06-01 00:27:18","2026-06-01 00:29:01",15.5967289719626,100.458598130841,2.72699065420561,0.332345794392523,143.576420560748,0.0548691588785047,"Fresh",11,"1 µm",NA
"81A-1652","15","101","6926.900","01:30","00:25","12","2026-06-04 01:04:28","2026-06-04 01:06:09",14.4255238095238,99.375619047619,5.36016190476191,2.7742380952381,144.502980952381,0.0391333333333333,"Control",4,"1 µm",NA
"81A-1767","44","101","6926.900","01:30","00:25","14","2026-06-01 00:30:19","2026-06-01 00:32:02",163.988317757009,100.450280373832,2.56730841121495,0.755065420560748,16.3123925233645,0.0526355140186916,"Fresh",11,"45 µm",NA
"81A-1767","40","101","6926.900","01:30","00:25","13","2026-06-01 00:33:19","2026-06-01 00:35:01",15.4287735849057,100.445849056604,2.86981132075472,0.775415094339623,141.087301886792,0.130245283018868,"Fresh",10,"45 µm",NA
"81A-1767","38","101","6926.900","01:30","00:25","14","2026-06-01 00:36:19","2026-06-01 00:38:02",-72.8020560747664,100.451401869159,2.70409345794393,-0.531775700934579,73.4223738317757,0.0923738317757009,"Fresh",10,"Disturbance",NA
"81A-1767","45","101","6926.900","01:30","00:25","14","2026-06-01 00:39:19","2026-06-01 00:41:02",-69.1724299065421,100.441028037383,2.57291588785047,0.816093457943925,15.8985420560748,0.119598130841122,"Fresh",12,"Control",NA
"81A-1767","41","101","6918.900","01:30","00:25","13","2026-06-01 01:24:16","2026-06-01 01:25:58",15.4678301886792,100.387264150943,2.66509433962264,-0.529952830188679,142.834264150943,0.0375754716981132,"Fresh",11,"Control",NA
"81A-1767","43","101","6926.900","01:30","00:25","14","2026-06-01 01:27:16","2026-06-01 01:28:59",15.4372897196262,100.415700934579,2.68219626168224,0.332859813084112,142.793177570093,0.0555514018691589,"Fresh",11,"1 µm",NA
"81A-1767","44","101","6926.900","01:30","00:25","14","2026-06-01 01:30:18","2026-06-01 01:32:01",162.891682242991,100.406355140187,2.56542056074766,0.746327102803738,16.2141121495327,0.053018691588785,"Fresh",11,"45 µm",NA
"81A-1767","40","101","6926.900","01:30","00:25","13","2026-06-01 01:33:18","2026-06-01 01:35:00",15.3005660377358,100.400754716981,2.86509433962264,0.77411320754717,140.882452830189,0.133783018867925,"Fresh",10,"45 µm",NA
"81A-1767","38","101","6926.900","01:30","00:25","14","2026-06-01 01:36:20","2026-06-01 01:38:03",-73.3782242990654,100.407196261682,2.67327102803738,-0.470644859813084,73.2232897196262,0.0935420560747664,"Fresh",10,"Disturbance",NA
"81A-1767","45","101","6926.900","01:30","00:25","14","2026-06-01 01:39:20","2026-06-01 01:41:03",-70.3830841121495,100.393925233645,2.56542056074766,0.760271028037383,15.8341028037383,0.117420560747664,"Fresh",12,"Control",NA
"81A-1652","16","101","6926.900","01:30","00:25","12","2026-06-04 01:07:26","2026-06-04 01:09:07",14.1949523809524,99.6731428571428,5.15047619047619,2.7632380952381,20.6683523809524,0.0357238095238095,"Control",4,"45 µm",NA
"81A-1767","41","101","6918.900","01:30","00:25","13","2026-06-01 02:24:16","2026-06-01 02:25:58",15.4583962264151,100.322830188679,2.66911320754717,-0.529952830188679,142.499132075472,0.037688679245283,"Fresh",11,"Control",NA
"81A-1767","43","101","6926.900","01:30","00:25","14","2026-06-01 02:27:17","2026-06-01 02:29:00",15.4510280373832,100.353271028037,2.76166355140187,0.328542056074766,142.519205607477,0.0554672897196262,"Fresh",11,"1 µm",NA
"81A-1767","44","101","6926.900","01:30","00:25","14","2026-06-01 02:30:18","2026-06-01 02:32:01",162.005514018692,100.35308411215,2.57670093457944,0.781383177570093,16.130691588785,0.0530841121495327,"Fresh",11,"45 µm",NA
"81A-1767","40","101","6926.900","01:30","00:25","13","2026-06-01 02:33:18","2026-06-01 02:35:00",15.2583018867925,100.347735849057,2.8688679245283,0.775103773584906,140.83641509434,0.134283018867925,"Fresh",10,"45 µm",NA
"81A-1767","38","101","6926.900","01:30","00:25","14","2026-06-01 02:36:17","2026-06-01 02:38:00",-73.0624299065421,100.351869158879,2.72791588785047,-0.530785046728972,73.6805794392523,0.0936822429906542,"Fresh",10,"Disturbance",NA
"81A-1767","45","101","6926.900","01:30","00:25","14","2026-06-01 02:39:17","2026-06-01 02:41:00",-70.318785046729,100.342056074766,2.60723364485981,0.72788785046729,15.8553831775701,0.120317757009346,"Fresh",12,"Control",NA
"81A-1767","41","101","6918.900","01:30","00:25","13","2026-06-01 03:24:16","2026-06-01 03:25:58",15.4149056603774,100.269150943396,2.68160377358491,-0.529952830188679,142.290547169811,0.0377358490566038,"Fresh",11,"Control",NA
"81A-1767","43","101","6926.900","01:30","00:25","14","2026-06-01 03:27:16","2026-06-01 03:28:59",15.3789719626168,100.296448598131,2.76448598130841,0.332859813084112,142.238345794393,0.0552897196261682,"Fresh",11,"1 µm",NA
"81A-1767","44","101","6926.900","01:30","00:25","14","2026-06-01 03:30:18","2026-06-01 03:32:01",161.361962616822,100.298224299065,2.57385046728972,0.736046728971963,16.0593551401869,0.0531308411214953,"Fresh",11,"45 µm",NA
"81A-1767","40","101","6926.900","01:30","00:25","13","2026-06-01 03:33:20","2026-06-01 03:35:02",15.282358490566,100.292452830189,2.8688679245283,0.776235849056604,140.8255,0.133518867924528,"Fresh",10,"45 µm",NA
"81A-1652","49","101","6926.900","01:30","00:25","13","2026-06-03 16:11:10","2026-06-03 16:12:52",25.5371698113208,99.3849056603774,5.25,0.032688679245283,87.7800660377358,0.0378962264150943,"Control",NA,"Control",NA
"81A-1652","49","101","6926.900","01:30","00:25","13","2026-06-04 01:10:24","2026-06-04 01:12:06",14.3424528301887,99.386320754717,5.44622641509434,0.0357641509433962,87.8513773584906,0.0377641509433962,"Control",NA,"Control",NA
"81A-1767","38","101","6926.900","01:30","00:25","14","2026-06-01 03:36:19","2026-06-01 03:38:02",-72.868785046729,100.299439252336,2.71863551401869,-0.53088785046729,73.4374299065421,0.0951308411214953,"Fresh",10,"Disturbance",NA
"81A-1767","45","101","6926.900","01:30","00:25","14","2026-06-01 03:39:19","2026-06-01 03:41:02",-70.0728971962617,100.285887850467,2.59691588785047,0.695401869158878,15.7397476635514,0.118,"Fresh",12,"Control",NA
"81A-1767","41","101","6918.900","01:30","00:25","13","2026-06-01 04:24:16","2026-06-01 04:25:58",14.9834905660377,100.223773584906,2.66698113207547,-0.529952830188679,142.24241509434,0.0377264150943396,"Fresh",11,"Control",NA
"81A-1767","43","101","6926.900","01:30","00:25","14","2026-06-01 04:27:17","2026-06-01 04:29:00",14.964953271028,100.249813084112,2.68135514018692,0.287485981308411,142.202663551402,0.0554953271028037,"Fresh",11,"1 µm",NA
"81A-1767","44","101","6926.900","01:30","00:25","14","2026-06-01 04:30:18","2026-06-01 04:32:01",162.469906542056,100.250654205607,2.56635514018692,0.763803738317757,15.9947009345794,0.0527196261682243,"Fresh",11,"45 µm",NA
"81A-1767","40","101","6926.900","01:30","00:25","13","2026-06-01 04:33:18","2026-06-01 04:35:00",14.776320754717,100.248773584906,2.86792452830189,0.77472641509434,140.737047169811,0.135566037735849,"Fresh",10,"45 µm",NA
"81A-1767","38","101","6926.900","01:30","00:25","14","2026-06-01 04:36:20","2026-06-01 04:38:03",-72.4616822429906,100.254112149533,2.68136448598131,-0.53088785046729,73.3446728971963,0.0927943925233645,"Fresh",10,"Disturbance",NA
"81A-1767","45","101","6926.900","01:30","00:25","14","2026-06-01 04:39:20","2026-06-01 04:41:03",-69.8001869158878,100.24476635514,2.5701214953271,0.676588785046729,15.7263925233645,0.120728971962617,"Fresh",12,"Control",NA
"81A-1767","41","101","6918.900","01:30","00:25","13","2026-06-01 05:24:16","2026-06-01 05:25:58",14.5852830188679,100.201226415094,2.68447169811321,-0.529952830188679,142.080877358491,0.0378396226415094,"Fresh",11,"Control",NA
"81A-1767","43","101","6926.900","01:30","00:25","14","2026-06-01 05:27:17","2026-06-01 05:29:00",14.5472897196262,100.229906542056,2.76259813084112,0.332654205607477,142.078738317757,0.0556635514018692,"Fresh",11,"1 µm",NA
"81A-1652","13","101","6926.900","01:30","00:25","13","2026-06-04 01:58:31","2026-06-04 02:00:13",-70.8667924528302,99.3170754716981,5.34905660377358,2.89543396226415,87.6631981132076,0.0344245283018868,"Control",4,"Control",NA
"81A-1767","44","101","6926.900","01:30","00:25","14","2026-06-01 05:30:18","2026-06-01 05:32:01",161.83214953271,100.230934579439,2.59492523364486,0.753168224299065,15.9191495327103,0.0527289719626168,"Fresh",11,"45 µm",NA
"81A-1767","40","101","6926.900","01:30","00:25","13","2026-06-01 05:33:19","2026-06-01 05:35:01",14.3842452830189,100.225094339623,2.86698113207547,0.77561320754717,140.825877358491,0.136849056603774,"Fresh",10,"45 µm",NA
"81A-1767","38","101","6926.900","01:30","00:25","14","2026-06-01 05:36:20","2026-06-01 05:38:03",-73.5103738317757,100.23523364486,2.74389719626168,-0.53088785046729,73.192476635514,0.0925981308411215,"Fresh",10,"Disturbance",NA
"81A-1767","45","101","6926.900","01:30","00:25","14","2026-06-01 05:39:20","2026-06-01 05:41:03",-70.4763551401869,100.230373831776,2.60363551401869,0.773738317757009,15.6430186915888,0.120252336448598,"Fresh",12,"Control",NA
"81A-1767","41","101","6918.900","01:30","00:25","13","2026-06-01 06:24:16","2026-06-01 06:25:58",14.0811320754717,100.214056603774,2.71088679245283,-0.529849056603774,142.031452830189,0.0378867924528302,"Fresh",11,"Control",NA
"81A-1767","43","101","6926.900","01:30","00:25","14","2026-06-01 06:27:17","2026-06-01 06:29:00",14.0504672897196,100.243925233645,2.75314953271028,0.329523364485981,142.002177570093,0.0557943925233645,"Fresh",11,"1 µm",NA
"81A-1767","44","101","6926.900","01:30","00:25","14","2026-06-01 06:30:19","2026-06-01 06:32:02",161.320654205607,100.248411214953,2.6085046728972,0.742682242990654,15.8375700934579,0.0522990654205607,"Fresh",11,"45 µm",NA
"81A-1767","40","101","6926.900","01:30","00:25","13","2026-06-01 06:33:19","2026-06-01 06:35:01",13.9008490566038,100.25,2.86603773584906,0.775820754716981,140.806990566038,0.141896226415094,"Fresh",10,"45 µm",NA
"81A-1767","38","101","6926.900","01:30","00:25","14","2026-06-01 06:36:19","2026-06-01 06:38:02",-73.1548598130841,100.266635514019,2.74090654205607,-0.53088785046729,73.3554205607477,0.0922710280373832,"Fresh",10,"Disturbance",NA
"81A-1767","45","101","6926.900","01:30","00:25","14","2026-06-01 06:39:19","2026-06-01 06:41:02",-70.3828971962617,100.266074766355,2.59664485981308,0.737242990654206,15.5819813084112,0.123915887850467,"Fresh",12,"Control",NA
"81A-1652","14","101","6926.900","01:30","00:25","12","2026-06-04 02:01:30","2026-06-04 02:03:11",-72.3313333333333,99.3524761904762,5.44761904761905,2.76186666666667,88.5805619047619,0.0440476190476191,"Control",4,"Disturbance",NA
"81A-1767","41","101","6918.900","01:30","00:25","13","2026-06-01 07:24:16","2026-06-01 07:25:58",14.4762264150943,100.275849056604,2.67264150943396,-0.529849056603774,141.747952830189,0.0381981132075472,"Fresh",11,"Control",NA
"81A-1767","43","101","6926.900","01:30","00:25","14","2026-06-01 07:27:16","2026-06-01 07:28:59",14.5960747663551,100.30523364486,2.69898130841122,0.332859813084112,141.69546728972,0.0557102803738318,"Fresh",11,"1 µm",NA
"81A-1767","44","101","6926.900","01:30","00:25","14","2026-06-01 07:30:17","2026-06-01 07:32:00",160.494953271028,100.305887850467,2.56822429906542,0.781747663551402,15.7606822429907,0.0528130841121495,"Fresh",11,"45 µm",NA
"81A-1767","40","101","6926.900","01:30","00:25","13","2026-06-01 07:33:17","2026-06-01 07:34:59",14.5640566037736,100.309433962264,2.86415094339623,0.775245283018868,140.61558490566,0.140169811320755,"Fresh",10,"45 µm",NA
"81A-1767","38","101","6926.900","01:30","00:25","14","2026-06-01 07:36:18","2026-06-01 07:38:01",-72.9716822429907,100.319813084112,2.67880373831776,-0.530682242990654,73.4172710280374,0.0957663551401869,"Fresh",10,"Disturbance",NA
"81A-1767","45","101","6926.900","01:30","00:25","14","2026-06-01 07:39:18","2026-06-01 07:41:01",-70.2147663551402,100.311401869159,2.56542056074766,0.711598130841121,15.6086822429907,0.121056074766355,"Fresh",12,"Control",NA
"81A-1767","41","101","6918.900","01:30","00:25","13","2026-06-01 08:24:16","2026-06-01 08:25:58",16.191320754717,100.292358490566,2.70297169811321,-0.529849056603774,141.739,0.0382735849056604,"Fresh",11,"Control",NA
"81A-1767","43","101","6926.900","01:30","00:25","14","2026-06-01 08:27:16","2026-06-01 08:28:59",16.3828037383178,100.323644859813,2.74624299065421,0.332859813084112,141.712971962617,0.0550280373831776,"Fresh",11,"1 µm",NA
"81A-1767","44","101","6926.900","01:30","00:25","14","2026-06-01 08:30:17","2026-06-01 08:32:00",161.550654205607,100.329626168224,2.60629906542056,0.76785046728972,15.7383457943925,0.0541214953271028,"Fresh",11,"45 µm",NA
"81A-1767","40","101","6926.900","01:30","00:25","13","2026-06-01 08:33:17","2026-06-01 08:34:59",16.4698113207547,100.327264150943,2.86192452830189,0.774367924528302,140.539424528302,0.137566037735849,"Fresh",10,"45 µm",NA
"81A-1652","15","101","6926.900","01:30","00:25","12","2026-06-04 02:04:28","2026-06-04 02:06:09",13.5172380952381,99.3277142857143,5.41754285714286,2.77482857142857,144.171952380952,0.0386952380952381,"Control",4,"1 µm",NA
"81A-1767","38","101","6926.900","01:30","00:25","14","2026-06-01 08:36:17","2026-06-01 08:38:00",-72.3714953271028,100.340186915888,2.73851401869159,-0.528420560747664,73.3138598130841,0.0967102803738318,"Fresh",10,"Disturbance",NA
"81A-1767","45","101","6926.900","01:30","00:25","14","2026-06-01 08:39:17","2026-06-01 08:41:00",-70.1164485981308,100.33738317757,2.60199065420561,0.815785046728972,15.5812897196262,0.119514018691589,"Fresh",12,"Control",NA
"81A-1767","41","101","6918.900","01:30","00:25","13","2026-06-01 09:24:16","2026-06-01 09:25:58",19.3119811320755,100.338679245283,2.69325471698113,-0.529952830188679,142.104962264151,0.0377735849056604,"Fresh",11,"Control",NA
"81A-1767","43","101","6926.900","01:30","00:25","14","2026-06-01 09:27:16","2026-06-01 09:28:59",19.5972897196262,100.366261682243,2.73951401869159,0.333654205607477,142.111523364486,0.0539719626168224,"Fresh",11,"1 µm",NA
"81A-1767","44","101","6926.900","01:30","00:25","14","2026-06-01 09:30:17","2026-06-01 09:32:00",161.644672897196,100.366448598131,2.58351401869159,0.782514018691589,15.8143644859813,0.056981308411215,"Fresh",11,"45 µm",NA
"81A-1767","40","101","6926.900","01:30","00:25","13","2026-06-01 09:33:18","2026-06-01 09:35:00",20.0658490566038,100.361981132075,2.86320754716981,0.775198113207547,140.762,0.139547169811321,"Fresh",10,"45 µm",NA
"81A-1767","38","101","6926.900","01:30","00:25","14","2026-06-01 09:36:17","2026-06-01 09:38:00",-72.0856074766355,100.375887850467,2.68332710280374,-0.527897196261682,73.5909158878505,0.0991495327102804,"Fresh",10,"Disturbance",NA
"81A-1767","45","101","6926.900","01:30","00:25","14","2026-06-01 09:39:17","2026-06-01 09:41:00",-69.4443925233645,100.370841121495,2.5701308411215,0.699205607476636,15.6323644859813,0.120598130841121,"Fresh",12,"Control",NA
"81A-1767","41","101","6918.900","01:30","00:25","13","2026-06-01 10:24:16","2026-06-01 10:25:58",20.8499056603774,100.361320754717,2.66509433962264,-0.530150943396226,143.595509433962,0.0366132075471698,"Fresh",11,"Control",NA
"81A-1767","43","101","6926.900","01:30","00:25","14","2026-06-01 10:27:17","2026-06-01 10:29:00",21.1353271028037,100.391775700935,2.66542056074766,0.284747663551402,143.608345794393,0.0537943925233645,"Fresh",11,"1 µm",NA
"81A-1652","16","101","6926.900","01:30","00:25","12","2026-06-04 02:07:26","2026-06-04 02:09:07",13.2569523809524,99.6303809523809,5.15047619047619,2.76254285714286,20.7158952380952,0.0358857142857143,"Control",4,"45 µm",NA
"81A-1767","44","101","6926.900","01:30","00:25","14","2026-06-01 10:30:18","2026-06-01 10:32:01",164.66738317757,100.39308411215,2.56542056074766,0.768327102803738,15.9679345794393,0.060588785046729,"Fresh",11,"45 µm",NA
"81A-1767","40","101","6926.900","01:30","00:25","13","2026-06-01 10:33:18","2026-06-01 10:35:00",21.0943396226415,100.386320754717,2.86475471698113,0.774735849056604,141.247990566038,0.139952830188679,"Fresh",10,"45 µm",NA
"81A-1767","38","101","6926.900","01:30","00:25","14","2026-06-01 10:36:17","2026-06-01 10:38:00",-71.7523364485981,100.401588785047,2.66448598130841,-0.526242990654206,73.3306448598131,0.0942897196261682,"Fresh",10,"Disturbance",NA
"81A-1767","45","101","6926.900","01:30","00:25","14","2026-06-01 10:39:17","2026-06-01 10:41:00",-68.8954205607477,100.40046728972,2.56542056074766,0.69396261682243,15.7320280373832,0.113271028037383,"Fresh",12,"Control",NA
"81A-1767","41","101","6918.900","01:30","00:25","13","2026-06-01 11:24:16","2026-06-01 11:25:58",23.9740566037736,100.389528301887,2.66415094339623,-0.530839622641509,144.378698113208,0.0357452830188679,"Fresh",11,"Control",NA
"81A-1767","43","101","6926.900","01:30","00:25","14","2026-06-01 11:27:17","2026-06-01 11:29:00",22.2967289719626,100.427757009346,2.66815887850467,0.332551401869159,144.526186915888,0.0535514018691589,"Fresh",11,"1 µm",NA
"81A-1767","44","101","6926.900","01:30","00:25","14","2026-06-01 11:30:18","2026-06-01 11:32:01",166.174018691589,100.430654205607,2.56542056074766,0.764934579439252,16.1363177570093,0.0638411214953271,"Fresh",11,"45 µm",NA
"81A-1767","40","101","6926.900","01:30","00:25","13","2026-06-01 11:33:20","2026-06-01 11:35:02",22.2283962264151,100.426509433962,2.86603773584906,0.775405660377358,141.349396226415,0.141179245283019,"Fresh",10,"45 µm",NA
"81A-1767","38","101","6926.900","01:30","00:25","14","2026-06-01 11:36:19","2026-06-01 11:38:02",-71.3928971962617,100.439719626168,2.66542056074766,-0.52207476635514,73.3751869158879,0.0932523364485981,"Fresh",10,"Disturbance",NA
"81A-1767","45","101","6926.900","01:30","00:25","14","2026-06-01 11:39:19","2026-06-01 11:41:02",-68.3485046728972,100.438411214953,2.56542056074766,0.677616822429907,15.8614392523364,0.113196261682243,"Fresh",12,"Control",NA
"81A-1652","49","101","6926.900","01:30","00:25","12","2026-06-04 02:10:24","2026-06-04 02:12:05",13.4512380952381,99.3395238095238,5.44761904761905,0.0357619047619048,87.7547619047619,0.0380952380952381,"Control",NA,"Control",NA
"81A-1767","41","101","6918.900","01:30","00:25","13","2026-06-01 12:24:16","2026-06-01 12:25:58",22.9399056603774,100.432358490566,2.66509433962264,-0.531141509433962,145.489877358491,0.0349716981132075,"Fresh",11,"Control",NA
"81A-1767","43","101","6926.900","01:30","00:25","14","2026-06-01 12:27:16","2026-06-01 12:28:59",23.1744859813084,100.464392523364,2.66448598130841,0.332654205607477,145.530392523364,0.0531495327102804,"Fresh",11,"1 µm",NA
"81A-1767","44","101","6926.900","01:30","00:25","14","2026-06-01 12:30:16","2026-06-01 12:31:59",167.21953271028,100.46738317757,2.56542056074766,0.75611214953271,16.3032523364486,0.066,"Fresh",11,"45 µm",NA
"81A-1767","40","101","6926.900","01:30","00:25","13","2026-06-01 12:33:16","2026-06-01 12:34:58",22.7877358490566,100.465094339623,2.8622641509434,0.77488679245283,141.174924528302,0.141339622641509,"Fresh",10,"45 µm",NA
"81A-1767","38","101","6926.900","01:30","00:25","14","2026-06-01 12:36:15","2026-06-01 12:37:58",-72.1093457943925,100.479906542056,2.66542056074766,-0.520504672897196,73.4332897196262,0.091803738317757,"Fresh",10,"Disturbance",NA
"81A-1767","45","101","6926.900","01:30","00:25","14","2026-06-01 12:39:15","2026-06-01 12:40:58",-68.1795327102804,100.478130841121,2.56448598130841,0.807560747663551,15.9944299065421,0.114046728971963,"Fresh",12,"Control",NA
"81A-1767","41","101","6918.900","01:30","00:25","13","2026-06-01 13:24:16","2026-06-01 13:25:58",23.6155660377358,100.449528301887,2.66415094339623,-0.531830188679245,146.131047169811,0.0346981132075472,"Fresh",11,"Control",NA
"81A-1767","43","101","6926.900","01:30","00:25","13","2026-06-01 13:27:16","2026-06-01 13:28:58",26.0567924528302,100.471886792453,2.66190566037736,0.331528301886792,145.944301886792,0.0539339622641509,"Fresh",11,"1 µm",NA
"81A-1767","44","101","6926.900","01:30","00:25","14","2026-06-01 13:30:18","2026-06-01 13:32:01",167.758785046729,100.481121495327,2.56448598130841,0.783401869158879,16.5828411214953,0.0780747663551402,"Fresh",11,"45 µm",NA
"81A-1767","40","101","6926.900","01:30","00:25","13","2026-06-01 13:33:20","2026-06-01 13:35:02",23.1520754716981,100.473301886792,2.86192452830189,0.775716981132076,141.182924528302,0.140783018867925,"Fresh",10,"45 µm",NA
"81A-1652","13","101","6926.900","01:30","00:25","13","2026-06-04 02:58:31","2026-06-04 03:00:13",-71.0520754716981,99.325,5.34905660377358,2.89406603773585,87.6327735849057,0.0347169811320755,"Control",4,"Control",NA
"81A-1767","38","101","6926.900","01:30","00:25","14","2026-06-01 13:36:20","2026-06-01 13:38:03",-72.0091588785047,100.480841121495,2.66355140186916,-0.518934579439252,73.4516728971963,0.0923084112149533,"Fresh",10,"Disturbance",NA
"81A-1767","45","101","6926.900","01:30","00:25","14","2026-06-01 13:39:22","2026-06-01 13:41:05",-68.8632710280374,100.470747663551,2.56448598130841,0.773532710280374,16.1217009345794,0.115411214953271,"Fresh",12,"Control",NA
"81A-1767","41","101","6918.900","01:30","00:25","13","2026-06-01 14:24:16","2026-06-01 14:25:58",23.3019811320755,100.416132075472,2.66509433962264,-0.531830188679245,146.539650943396,0.0345377358490566,"Fresh",11,"Control",NA
"81A-1767","43","101","6926.900","01:30","00:25","13","2026-06-01 14:27:17","2026-06-01 14:28:59",23.6194339622642,100.436226415094,2.66475471698113,0.326330188679245,146.530886792453,0.0542358490566038,"Fresh",11,"1 µm",NA
"81A-1767","44","101","6926.900","01:30","00:25","14","2026-06-01 14:30:17","2026-06-01 14:32:00",168.316261682243,100.444205607477,2.56448598130841,0.783196261682243,16.8960186915888,0.0714766355140187,"Fresh",11,"45 µm",NA
"81A-1767","40","101","6926.900","01:30","00:25","13","2026-06-01 14:33:17","2026-06-01 14:34:59",23.1749056603774,100.445094339623,2.86415094339623,0.775820754716981,141.084235849057,0.140688679245283,"Fresh",10,"45 µm",NA
"81A-1767","38","101","6926.900","01:30","00:25","14","2026-06-01 14:36:17","2026-06-01 14:38:00",-71.7742990654206,100.455140186916,2.66542056074766,-0.518934579439252,73.3753177570093,0.0911588785046729,"Fresh",10,"Disturbance",NA
"81A-1767","45","101","6926.900","01:30","00:25","14","2026-06-01 14:39:19","2026-06-01 14:41:02",-68.7643925233645,100.447289719626,2.57102803738318,0.741971962616822,16.2347196261682,0.115485981308411,"Fresh",12,"Control",NA
"81A-1767","41","101","6918.900","01:30","00:25","13","2026-06-01 15:24:16","2026-06-01 15:25:58",23.6519811320755,100.460377358491,2.66415094339623,-0.531933962264151,146.893113207547,0.0341132075471698,"Fresh",11,"Control",NA
"81A-1767","43","101","6926.900","01:30","00:25","14","2026-06-01 15:27:16","2026-06-01 15:28:59",23.6939252336449,100.494018691589,2.66448598130841,0.329,146.957299065421,0.0535794392523364,"Fresh",11,"1 µm",NA
"81A-1652","14","101","6926.900","01:30","00:25","12","2026-06-04 03:01:30","2026-06-04 03:03:11",-71.6906666666667,99.3560952380952,5.44761904761905,2.76186666666667,88.5403047619048,0.0440571428571429,"Control",4,"Disturbance",NA
"81A-1767","44","101","6926.900","01:30","00:25","14","2026-06-01 15:30:17","2026-06-01 15:32:00",168.524018691589,100.491495327103,2.56542056074766,0.782476635514019,17.0407102803738,0.0694485981308411,"Fresh",11,"45 µm",NA
"81A-1767","40","101","6926.900","01:30","00:25","13","2026-06-01 15:33:17","2026-06-01 15:34:59",23.5078301886792,100.486981132075,2.8622641509434,0.775820754716981,141.147981132075,0.140698113207547,"Fresh",10,"45 µm",NA
"81A-1767","38","101","6926.900","01:30","00:25","14","2026-06-01 15:36:17","2026-06-01 15:38:00",-71.71,100.498224299065,2.66822429906542,-0.517327102803738,73.365691588785,0.0913457943925234,"Fresh",10,"Disturbance",NA
"81A-1767","45","101","6926.900","01:30","00:25","14","2026-06-01 15:39:17","2026-06-01 15:41:00",-68.7660747663551,100.487009345794,2.56635514018692,0.743719626168224,16.3400934579439,0.115514018691589,"Fresh",12,"Control",NA
"81A-1767","41","101","6918.900","01:30","00:25","13","2026-06-01 16:24:17","2026-06-01 16:25:58",23.465,100.484716981132,2.6628679245283,-0.531933962264151,147.035556603774,0.0339339622641509,"Fresh",11,"Control",NA
"81A-1767","43","101","6926.900","01:30","00:25","14","2026-06-01 16:27:17","2026-06-01 16:29:00",23.5971962616822,100.510934579439,2.66448598130841,0.328691588785047,147.012439252336,0.053392523364486,"Fresh",11,"1 µm",NA
"81A-1767","44","101","6926.900","01:30","00:25","14","2026-06-01 16:30:18","2026-06-01 16:32:01",168.756355140187,100.515514018692,2.56448598130841,0.782224299065421,17.1390654205607,0.0704205607476635,"Fresh",11,"45 µm",NA
"81A-1767","40","101","6926.900","01:30","00:25","13","2026-06-01 16:33:18","2026-06-01 16:35:01",23.8009433962264,100.505377358491,2.85233018867925,0.775716981132076,141.095443396226,0.140433962264151,"Fresh",10,"45 µm",NA
"81A-1767","38","101","6926.900","01:30","00:25","14","2026-06-01 16:36:18","2026-06-01 16:38:01",-71.8085981308411,100.514859813084,2.66355140186916,-0.517943925233645,73.4313551401869,0.0901028037383178,"Fresh",10,"Disturbance",NA
"81A-1767","45","101","6926.900","01:30","00:25","14","2026-06-01 16:39:20","2026-06-01 16:41:03",-68.7395327102804,100.50476635514,2.56915887850467,0.740327102803738,16.4309345794393,0.116177570093458,"Fresh",12,"Control",NA
"81A-1652","15","101","6926.900","01:30","00:25","12","2026-06-04 03:04:28","2026-06-04 03:06:09",13.0987619047619,99.3354285714286,5.44060952380952,2.7742380952381,143.877133333333,0.0385714285714286,"Control",4,"1 µm",NA
"81A-1767","41","101","6918.900","01:30","00:25","13","2026-06-01 17:24:17","2026-06-01 17:25:59",22.9884905660377,100.498113207547,2.66415094339623,-0.531933962264151,147.119396226415,0.033877358490566,"Fresh",11,"Control",NA
"81A-1767","43","101","6926.900","01:30","00:25","14","2026-06-01 17:27:17","2026-06-01 17:29:00",23.1419626168224,100.523644859813,2.66542056074766,0.327018691588785,147.129607476635,0.0541308411214953,"Fresh",11,"1 µm",NA
"81A-1767","44","101","6926.900","01:30","00:25","14","2026-06-01 17:30:19","2026-06-01 17:32:02",168.563925233645,100.518971962617,2.56542056074766,0.737654205607477,17.1786822429907,0.0680841121495327,"Fresh",11,"45 µm",NA
"81A-1767","40","101","6926.900","01:30","00:25","13","2026-06-01 17:33:20","2026-06-01 17:35:02",23.2447169811321,100.51,2.86415094339623,0.775405660377358,141.016169811321,0.139103773584906,"Fresh",10,"45 µm",NA
"81A-1767","38","101","6926.900","01:30","00:25","14","2026-06-01 17:36:19","2026-06-01 17:38:02",-71.7293457943925,100.513925233645,2.66915887850467,-0.519822429906542,73.4855420560748,0.0901869158878505,"Fresh",10,"Disturbance",NA
"81A-1767","45","101","6926.900","01:30","00:25","14","2026-06-01 17:39:21","2026-06-01 17:41:04",-68.8053271028037,100.507476635514,2.57196261682243,0.73385046728972,16.4820747663551,0.116878504672897,"Fresh",12,"Control",NA
"81A-1767","41","101","6918.900","01:30","00:25","13","2026-06-01 18:24:17","2026-06-01 18:25:59",22.3962264150943,100.519339622642,2.66698113207547,-0.531933962264151,147.037839622641,0.0339811320754717,"Fresh",11,"Control",NA
"81A-1767","43","101","6926.900","01:30","00:25","14","2026-06-01 18:27:18","2026-06-01 18:29:01",22.408785046729,100.546448598131,2.66448598130841,0.326915887850467,146.987280373832,0.0536448598130841,"Fresh",11,"1 µm",NA
"81A-1767","44","101","6926.900","01:30","00:25","14","2026-06-01 18:30:18","2026-06-01 18:32:01",169.405514018692,100.536448598131,2.56321495327103,0.767691588785047,17.1912710280374,0.068411214953271,"Fresh",11,"45 µm",NA
"81A-1767","40","101","6926.900","01:30","00:25","13","2026-06-01 18:33:18","2026-06-01 18:35:00",22.9310377358491,100.540283018868,2.86097169811321,0.775509433962264,141.197490566038,0.136396226415094,"Fresh",10,"45 µm",NA
"81A-1652","16","101","6926.900","01:30","00:25","13","2026-06-04 03:07:26","2026-06-04 03:09:08",12.9396226415094,99.6488679245283,5.15094339622642,2.76279245283019,21.8763490566038,0.0361320754716981,"Control",4,"45 µm",NA
"81A-1767","38","101","6926.900","01:30","00:25","14","2026-06-01 18:36:17","2026-06-01 18:38:00",-71.5476635514019,100.559252336449,2.66355140186916,-0.522280373831776,73.4220934579439,0.0894485981308411,"Fresh",10,"Disturbance",NA
"81A-1767","45","101","6926.900","01:30","00:25","14","2026-06-01 18:39:19","2026-06-01 18:41:02",-68.7188785046729,100.562056074766,2.56448598130841,0.713495327102804,16.5081775700935,0.117168224299065,"Fresh",12,"Control",NA
"81A-1767","41","101","6918.900","01:30","00:25","13","2026-06-01 19:24:17","2026-06-01 19:25:59",20.4977358490566,100.605943396226,2.66792452830189,-0.531830188679245,146.808650943396,0.0342264150943396,"Fresh",11,"Control",NA
"81A-1767","43","101","6926.900","01:30","00:25","14","2026-06-01 19:27:17","2026-06-01 19:29:00",20.4397196261682,100.637476635514,2.66448598130841,0.32592523364486,146.787280373832,0.053588785046729,"Fresh",11,"1 µm",NA
"81A-1767","44","101","6926.900","01:30","00:25","14","2026-06-01 19:30:18","2026-06-01 19:32:01",167.802336448598,100.640373831776,2.56542056074766,0.771308411214953,17.1590373831776,0.0611214953271028,"Fresh",11,"45 µm",NA
"81A-1767","40","101","6926.900","01:30","00:25","13","2026-06-01 19:33:18","2026-06-01 19:35:00",20.3883962264151,100.63320754717,2.86320754716981,0.776235849056604,141.198764150943,0.134594339622642,"Fresh",10,"45 µm",NA
"81A-1767","38","101","6926.900","01:30","00:25","14","2026-06-01 19:36:18","2026-06-01 19:38:01",-71.8565420560748,100.644953271028,2.67009345794393,-0.528971962616822,73.3847943925234,0.0894859813084112,"Fresh",10,"Disturbance",NA
"81A-1767","45","101","6926.900","01:30","00:25","14","2026-06-01 19:39:18","2026-06-01 19:41:01",-69.1071962616822,100.641401869159,2.57009345794393,0.720794392523364,16.4974859813084,0.115523364485981,"Fresh",12,"Control",NA
"81A-1767","41","101","6918.900","01:30","00:25","13","2026-06-01 20:24:17","2026-06-01 20:25:59",18.9505660377359,100.671603773585,2.66509433962264,-0.531830188679245,146.311367924528,0.0346415094339623,"Fresh",11,"Control",NA
"81A-1767","43","101","6926.900","01:30","00:25","14","2026-06-01 20:27:18","2026-06-01 20:29:01",18.9315887850467,100.709065420561,2.66635514018692,0.29611214953271,146.181373831776,0.0538785046728972,"Fresh",11,"1 µm",NA
"81A-1652","13","101","6926.900","01:30","00:25","13","2026-06-03 16:58:31","2026-06-03 17:00:13",-67.5374528301887,99.3306603773585,5.24811320754717,2.89741509433962,97.1940754716981,0.0469150943396226,"Control",4,"Control",NA
"81A-1652","49","101","6926.900","01:30","00:25","13","2026-06-04 03:10:27","2026-06-04 03:12:09",13.1754716981132,99.3578301886792,5.44811320754717,0.0403396226415094,87.7700094339623,0.037688679245283,"Control",NA,"Control",NA
"81A-1767","44","101","6926.900","01:30","00:25","14","2026-06-01 20:30:19","2026-06-01 20:32:02",166.810373831776,100.720093457944,2.56448598130841,0.782514018691589,17.0777570093458,0.0576542056074766,"Fresh",11,"45 µm",NA
"81A-1767","40","101","6926.900","01:30","00:25","13","2026-06-01 20:33:19","2026-06-01 20:35:01",18.9388679245283,100.71679245283,2.87075471698113,0.776235849056604,141.259037735849,0.131358490566038,"Fresh",10,"45 µm",NA
"81A-1767","38","101","6926.900","01:30","00:25","14","2026-06-01 20:36:18","2026-06-01 20:38:01",-71.9857943925234,100.73261682243,2.67196261682243,-0.532766355140187,73.359046728972,0.0893271028037383,"Fresh",10,"Disturbance",NA
"81A-1767","45","101","6926.900","01:30","00:25","14","2026-06-01 20:39:18","2026-06-01 20:41:01",-69.1558878504673,100.725887850467,2.57196261682243,0.703728971962617,16.4424859813084,0.114018691588785,"Fresh",12,"Control",NA
"81A-1767","41","101","6918.900","01:30","00:25","13","2026-06-01 21:24:16","2026-06-01 21:25:58",18.107358490566,100.801226415094,2.66415094339623,-0.531141509433962,145.589424528302,0.034877358490566,"Fresh",11,"Control",NA
"81A-1767","43","101","6926.900","01:30","00:25","14","2026-06-01 21:27:16","2026-06-01 21:28:59",18.1017757009346,100.834112149533,2.66868224299065,0.324934579439252,145.473953271028,0.0537196261682243,"Fresh",11,"1 µm",NA
"81A-1767","44","101","6926.900","01:30","00:25","14","2026-06-01 21:30:17","2026-06-01 21:32:00",166.832523364486,100.842710280374,2.56448598130841,0.76318691588785,16.9627196261682,0.0557476635514019,"Fresh",11,"45 µm",NA
"81A-1767","40","101","6926.900","01:30","00:25","13","2026-06-01 21:33:17","2026-06-01 21:34:59",18.0077358490566,100.837452830189,2.86320754716981,0.775301886792453,141.438943396226,0.130650943396226,"Fresh",10,"45 µm",NA
"81A-1767","38","101","6926.900","01:30","00:25","14","2026-06-01 21:36:16","2026-06-01 21:37:59",-71.541308411215,100.84738317757,2.66448598130841,-0.532766355140187,73.3109719626168,0.0887943925233645,"Fresh",10,"Disturbance",NA
"81A-1767","45","101","6926.900","01:30","00:25","14","2026-06-01 21:39:16","2026-06-01 21:40:59",-68.8007476635514,100.846822429907,2.56542056074766,0.676485981308411,16.3617757009346,0.114271028037383,"Fresh",12,"Control",NA
"81A-1652","13","101","6926.900","01:30","00:25","13","2026-06-04 03:58:31","2026-06-04 04:00:13",-70.7516981132076,99.3385849056604,5.34905660377358,2.89474528301887,87.6444716981132,0.0348679245283019,"Control",4,"Control",NA
"81A-1767","41","101","6918.900","01:30","00:25","13","2026-06-01 22:24:16","2026-06-01 22:25:58",17.1921698113208,100.911509433962,2.66415094339623,-0.530839622641509,144.915518867925,0.0356415094339623,"Fresh",11,"Control",NA
"81A-1767","43","101","6926.900","01:30","00:25","14","2026-06-01 22:27:17","2026-06-01 22:29:00",17.0702803738318,100.939719626168,2.70873831775701,0.323841121495327,144.884028037383,0.0539065420560748,"Fresh",11,"1 µm",NA
"81A-1767","44","101","6926.900","01:30","00:25","14","2026-06-01 22:30:17","2026-06-01 22:32:00",165.667570093458,100.94261682243,2.56542056074766,0.756457943925234,16.8371869158879,0.0539439252336449,"Fresh",11,"45 µm",NA
"81A-1767","40","101","6926.900","01:30","00:25","13","2026-06-01 22:33:18","2026-06-01 22:35:00",16.7389622641509,100.943018867925,2.8688679245283,0.773688679245283,141.45179245283,0.129981132075472,"Fresh",10,"45 µm",NA
"81A-1767","38","101","6926.900","01:30","00:25","14","2026-06-01 22:36:17","2026-06-01 22:38:00",-72.6997196261682,100.956728971963,2.68064485981308,-0.532542056074766,73.2875514018692,0.0884672897196262,"Fresh",10,"Disturbance",NA
"81A-1767","45","101","6926.900","01:30","00:25","14","2026-06-01 22:39:19","2026-06-01 22:41:02",-68.8015887850467,100.95214953271,2.57104672897196,0.789878504672897,16.2709065420561,0.113252336448598,"Fresh",12,"Control",NA
"81A-1767","41","101","6918.900","01:30","00:25","13","2026-06-01 23:24:16","2026-06-01 23:25:58",16.5175471698113,100.980943396226,2.66509433962264,-0.530839622641509,144.21029245283,0.0358584905660377,"Fresh",11,"Control",NA
"81A-1767","43","101","6926.900","01:30","00:25","14","2026-06-01 23:27:17","2026-06-01 23:29:00",16.443738317757,101.018411214953,2.7244953271028,0.323738317757009,144.136093457944,0.0538504672897196,"Fresh",11,"1 µm",NA
"81A-1767","44","101","6926.900","01:30","00:25","14","2026-06-01 23:30:19","2026-06-01 23:32:02",164.592429906542,101.021121495327,2.56542056074766,0.752598130841121,16.6961682242991,0.0534299065420561,"Fresh",11,"45 µm",NA
"81A-1767","40","101","6926.900","01:30","00:25","13","2026-06-01 23:33:19","2026-06-01 23:35:01",16.2865094339623,101.025660377358,2.8688679245283,0.77472641509434,141.464990566038,0.130952830188679,"Fresh",10,"45 µm",NA
"81A-1652","14","101","6926.900","01:30","00:25","12","2026-06-04 04:01:30","2026-06-04 04:03:11",-72.3075238095238,99.3769523809524,5.44761904761905,2.76146666666667,88.5592476190476,0.0426476190476191,"Control",4,"Disturbance",NA
"81A-1767","38","101","6926.900","01:30","00:25","14","2026-06-01 23:36:18","2026-06-01 23:38:01",-72.6002803738318,101.041588785047,2.68619626168224,-0.531878504672897,73.2961401869159,0.0881495327102804,"Fresh",10,"Disturbance",NA
"81A-1767","41","101","6918.9","01:30","00:25","13","2026-06-02 00:06:25","2026-06-02 00:08:07",16.1140566037736,101.027641509434,2.66509433962264,-0.530943396226415,143.590669811321,0.0366603773584906,"Fresh",11,"Control",NA
"81A-1767","43","101","6926.900","01:30","00:25","14","2026-06-02 00:09:26","2026-06-02 00:11:09",15.9248598130841,101.063271028037,2.68242990654206,0.31818691588785,143.900822429907,0.0540280373831776,"Fresh",11,"1 µm",NA
"81A-1767","44","101","6926.900","01:30","00:25","14","2026-06-02 00:12:28","2026-06-02 00:14:11",163.608971962617,101.071588785047,2.56448598130841,0.734130841121495,16.6034485981308,0.0530654205607477,"Fresh",11,"45 µm",NA
"81A-1767","40","101","6926.900","01:30","00:25","13","2026-06-02 00:15:28","2026-06-02 00:17:10",15.7274528301887,101.075377358491,2.86792452830189,0.775311320754717,141.30729245283,0.132330188679245,"Fresh",10,"45 µm",NA
"81A-1767","38","101","6926.900","01:30","00:25","14","2026-06-02 00:18:27","2026-06-02 00:20:10",-72.3577570093458,101.089065420561,2.67796261682243,-0.531775700934579,73.2192429906542,0.0875514018691589,"Fresh",10,"Disturbance",NA
"81A-1767","45","101","6926.900","01:30","00:25","14","2026-06-02 00:21:27","2026-06-02 00:23:10",-69.706261682243,101.085981308411,2.56729906542056,0.738682242990654,16.1024953271028,0.117028037383178,"Fresh",12,"Control",NA
"81A-1767","41","101","6918.900","01:30","00:25","13","2026-06-02 00:24:29","2026-06-02 00:26:11",15.857641509434,101.080754716981,2.66698113207547,-0.461622641509434,143.95941509434,0.0360943396226415,"Fresh",11,"Control",NA
"81A-1767","43","101","6926.900","01:30","00:25","13","2026-06-02 00:27:30","2026-06-02 00:29:12",15.7233018867925,101.085943396226,2.667,0.290867924528302,143.942216981132,0.0539056603773585,"Fresh",11,"1 µm",NA
"81A-1767","44","101","6926.900","01:30","00:25","14","2026-06-02 00:30:30","2026-06-02 00:32:13",164.773271028037,101.09476635514,2.56542056074766,0.781747663551402,16.5647943925234,0.0526448598130841,"Fresh",11,"45 µm",NA
"81A-1652","15","101","6926.900","01:30","00:25","12","2026-06-04 04:04:28","2026-06-04 04:06:09",12.8089523809524,99.3498095238095,5.44285714285714,2.77482857142857,143.4116,0.0386380952380952,"Control",4,"1 µm",NA
"81A-1767","40","101","6926.900","01:30","00:25","13","2026-06-02 00:33:31","2026-06-02 00:35:13",15.6300943396226,101.090283018868,2.86852830188679,0.773698113207547,141.309773584906,0.130915094339623,"Fresh",10,"45 µm",NA
"81A-1767","38","101","6926.900","01:30","00:25","14","2026-06-02 00:36:30","2026-06-02 00:38:13",-71.8610280373832,101.102336448598,2.68363551401869,-0.531878504672897,73.2758411214953,0.0858130841121495,"Fresh",10,"Disturbance",NA
"81A-1767","45","101","6926.900","01:30","00:25","14","2026-06-02 00:39:30","2026-06-02 00:41:13",-69.1980373831776,101.096728971963,2.56636448598131,0.676280373831776,16.0778504672897,0.118336448598131,"Fresh",12,"Control",NA
"81A-1767","41","101","6918.900","01:30","00:25","13","2026-06-02 01:24:28","2026-06-02 01:26:10",15.2078301886792,101.101886792453,2.67177358490566,-0.529952830188679,142.901669811321,0.0374716981132075,"Fresh",11,"Control",NA
"81A-1767","43","101","6926.900","01:30","00:25","14","2026-06-02 01:27:29","2026-06-02 01:29:12",15.0833644859813,101.132710280374,2.76261682242991,0.323841121495327,142.819551401869,0.0547943925233645,"Fresh",11,"1 µm",NA
"81A-1767","44","101","6926.900","01:30","00:25","14","2026-06-02 01:30:30","2026-06-02 01:32:13",163.271682242991,101.13523364486,2.60216822429907,0.763551401869159,16.424046728972,0.0524299065420561,"Fresh",11,"45 µm",NA
"81A-1767","40","101","6926.900","01:30","00:25","13","2026-06-02 01:33:31","2026-06-02 01:35:13",14.9383962264151,101.12679245283,2.86792452830189,0.77538679245283,140.831924528302,0.146150943396226,"Fresh",10,"45 µm",NA
"81A-1767","38","101","6926.900","01:30","00:25","14","2026-06-02 01:36:32","2026-06-02 01:38:15",-72.6503738317757,101.137757009346,2.76039252336449,-0.531093457943925,73.1827102803738,0.0870093457943925,"Fresh",10,"Disturbance",NA
"81A-1767","45","101","6926.900","01:30","00:25","14","2026-06-02 01:39:32","2026-06-02 01:41:15",-69.9535514018692,101.13476635514,2.62075700934579,0.687897196261682,15.9740934579439,0.117859813084112,"Fresh",12,"Control",NA
"81A-1767","41","101","6918.900","01:30","00:25","13","2026-06-02 02:24:28","2026-06-02 02:26:10",14.9130188679245,101.136603773585,2.69403773584906,-0.529952830188679,142.48391509434,0.0377075471698113,"Fresh",11,"Control",NA
"81A-1652","16","101","6926.900","01:30","00:25","12","2026-06-04 04:07:26","2026-06-04 04:09:07",12.7232380952381,99.6551428571429,5.15047619047619,2.7632380952381,21.5308,0.0368,"Control",4,"45 µm",NA
"81A-1767","43","101","6926.900","01:30","00:25","14","2026-06-02 02:27:29","2026-06-02 02:29:12",14.6969158878505,101.165887850467,2.76448598130841,0.323635514018692,142.402018691589,0.0546355140186916,"Fresh",11,"1 µm",NA
"81A-1767","44","101","6926.900","01:30","00:25","14","2026-06-02 02:30:31","2026-06-02 02:32:14",162.492056074766,101.164392523364,2.58616822429907,0.757018691588785,16.2942523364486,0.0521682242990654,"Fresh",11,"45 µm",NA
"81A-1767","40","101","6926.900","01:30","00:25","13","2026-06-02 02:33:31","2026-06-02 02:35:13",14.2816037735849,101.159150943396,2.87266037735849,0.774688679245283,140.872198113208,0.14677358490566,"Fresh",10,"45 µm",NA
"81A-1767","38","101","6926.900","01:30","00:25","14","2026-06-02 02:36:30","2026-06-02 02:38:13",-73.5863551401869,101.164859813084,2.74944859813084,-0.53088785046729,73.200308411215,0.0874392523364486,"Fresh",10,"Disturbance",NA
"81A-1767","45","101","6926.900","01:30","00:25","14","2026-06-02 02:39:32","2026-06-02 02:41:15",-69.7092523364486,101.157943925234,2.60759813084112,0.815514018691589,15.8808224299065,0.12488785046729,"Fresh",12,"Control",NA
"81A-1767","41","101","6918.900","01:30","00:25","13","2026-06-02 03:24:28","2026-06-02 03:26:10",14.5532075471698,101.15679245283,2.67787735849057,-0.529849056603774,142.083462264151,0.037811320754717,"Fresh",11,"Control",NA
"81A-1767","43","101","6926.900","01:30","00:25","14","2026-06-02 03:27:29","2026-06-02 03:29:12",14.3967289719626,101.18523364486,2.71497196261682,0.323327102803738,142.032056074766,0.054607476635514,"Fresh",11,"1 µm",NA
"81A-1767","44","101","6926.900","01:30","00:25","14","2026-06-02 03:30:30","2026-06-02 03:32:13",161.492990654206,101.185887850467,2.57102803738318,0.750906542056075,16.1665607476636,0.0522616822429907,"Fresh",11,"45 µm",NA
"81A-1767","40","101","6926.900","01:30","00:25","13","2026-06-02 03:33:30","2026-06-02 03:35:12",13.9748113207547,101.183113207547,2.8622641509434,0.775311320754717,140.806424528302,0.152320754716981,"Fresh",10,"45 µm",NA
"81A-1767","38","101","6926.900","01:30","00:25","14","2026-06-02 03:36:32","2026-06-02 03:38:15",-73.421308411215,101.190186915888,2.70857009345794,-0.464476635514019,73.1875607476636,0.0868785046728972,"Fresh",10,"Disturbance",NA
"81A-1652","49","101","6926.900","01:30","00:25","13","2026-06-04 04:10:26","2026-06-04 04:12:08",12.9151886792453,99.3714150943396,5.44811320754717,0.0367547169811321,87.7678396226415,0.0379150943396226,"Control",NA,"Control",NA
"81A-1767","45","101","6926.900","01:30","00:25","14","2026-06-02 03:39:34","2026-06-02 03:41:17",-70.4930841121495,101.18523364486,2.56915887850467,0.774663551401869,15.7883177570093,0.124429906542056,"Fresh",12,"Control",NA
"81A-1767","41","101","6918.900","01:30","00:25","13","2026-06-02 04:24:28","2026-06-02 04:26:10",14.4211320754717,101.188773584906,2.70217924528302,-0.529849056603774,141.756066037736,0.038188679245283,"Fresh",11,"Control",NA
"81A-1767","43","101","6926.900","01:30","00:25","14","2026-06-02 04:27:28","2026-06-02 04:29:11",14.2704672897196,101.218691588785,2.7547476635514,0.322953271028037,141.764224299065,0.0546542056074766,"Fresh",11,"1 µm",NA
"81A-1767","44","101","6926.900","01:30","00:25","14","2026-06-02 04:30:30","2026-06-02 04:32:13",160.834953271028,101.21953271028,2.62539252336449,0.739373831775701,16.0396542056075,0.0520747663551402,"Fresh",11,"45 µm",NA
"81A-1767","40","101","6926.900","01:30","00:25","13","2026-06-02 04:33:30","2026-06-02 04:35:12",14.1398113207547,101.216320754717,2.88153773584906,0.77472641509434,140.671764150943,0.155047169811321,"Fresh",10,"45 µm",NA
"81A-1767","38","101","6926.900","01:30","00:25","14","2026-06-02 04:36:30","2026-06-02 04:38:13",-73.2585046728972,101.227757009346,2.76261682242991,-0.53088785046729,73.1247757009346,0.0862056074766355,"Fresh",10,"Disturbance",NA
"81A-1767","45","101","6926.900","01:30","00:25","14","2026-06-02 04:39:30","2026-06-02 04:41:13",-70.3798130841122,101.220934579439,2.65794392523365,0.732,15.6883271028037,0.125439252336449,"Fresh",12,"Control",NA
"81A-1767","41","101","6918.900","01:30","00:25","13","2026-06-02 05:24:28","2026-06-02 05:26:10",13.8846226415094,101.187075471698,2.6792641509434,-0.529849056603774,141.496575471698,0.0385188679245283,"Fresh",11,"Control",NA
"81A-1767","43","101","6926.900","01:30","00:25","14","2026-06-02 05:27:29","2026-06-02 05:29:12",13.7628037383178,101.220373831776,2.75970093457944,0.297252336448598,141.550700934579,0.0550467289719626,"Fresh",11,"1 µm",NA
"81A-1767","44","101","6926.900","01:30","00:25","14","2026-06-02 05:30:30","2026-06-02 05:32:13",160.144392523365,101.226074766355,2.62563551401869,0.781747663551402,15.9161308411215,0.0480093457943925,"Fresh",11,"45 µm",NA
"81A-1652","13","101","6926.900","01:30","00:25","13","2026-06-04 04:58:31","2026-06-04 05:00:13",-71.1605660377358,99.3317924528302,5.35112264150943,2.89464150943396,87.6495,0.0349622641509434,"Control",4,"Control",NA
"81A-1767","40","101","6926.900","01:30","00:25","13","2026-06-02 05:33:31","2026-06-02 05:35:13",13.5114150943396,101.222924528302,2.87857547169811,0.775462264150943,140.618311320755,0.157188679245283,"Fresh",10,"45 µm",NA
"81A-1767","38","101","6926.900","01:30","00:25","14","2026-06-02 05:36:30","2026-06-02 05:38:13",-72.9432710280374,101.236448598131,2.76261682242991,-0.53088785046729,73.1656822429907,0.0853084112149533,"Fresh",10,"Disturbance",NA
"81A-1767","45","101","6926.900","01:30","00:25","14","2026-06-02 05:39:30","2026-06-02 05:41:13",-70.2818691588785,101.232990654206,2.65132710280374,0.707467289719626,15.5898971962617,0.125738317757009,"Fresh",12,"Control",NA
"81A-1767","41","101","6918.900","01:30","00:25","13","2026-06-02 06:24:28","2026-06-02 06:26:10",12.9574528301887,101.247452830189,2.67452830188679,-0.529849056603774,141.446594339623,0.0385754716981132,"Fresh",11,"Control",NA
"81A-1767","43","101","6926.900","01:30","00:25","14","2026-06-02 06:27:28","2026-06-02 06:29:11",12.925046728972,101.275046728972,2.72070093457944,0.322747663551402,141.403990654206,0.0552990654205607,"Fresh",11,"1 µm",NA
"81A-1767","44","101","6926.900","01:30","00:25","14","2026-06-02 06:30:29","2026-06-02 06:32:12",161.393551401869,101.278130841121,2.59000934579439,0.766841121495327,15.7937476635514,0.0474485981308411,"Fresh",11,"45 µm",NA
"81A-1767","40","101","6926.900","01:30","00:25","13","2026-06-02 06:33:30","2026-06-02 06:35:12",12.7716037735849,101.276603773585,2.86698113207547,0.774518867924528,140.473962264151,0.170660377358491,"Fresh",10,"45 µm",NA
"81A-1767","38","101","6926.900","01:30","00:25","14","2026-06-02 06:36:30","2026-06-02 06:38:13",-72.6828971962617,101.288504672897,2.74332710280374,-0.53088785046729,73.1638224299065,0.0834766355140187,"Fresh",10,"Disturbance",NA
"81A-1767","45","101","6926.900","01:30","00:25","14","2026-06-02 06:39:32","2026-06-02 06:41:15",-70.0206542056075,101.287196261682,2.57758878504673,0.808317757009346,15.4934205607477,0.125401869158878,"Fresh",12,"Control",NA
"81A-1767","41","101","6918.900","01:30","00:25","13","2026-06-02 07:24:28","2026-06-02 07:26:10",13.5151886792453,101.273867924528,2.67452830188679,-0.529849056603774,141.175358490566,0.038688679245283,"Fresh",11,"Control",NA
"81A-1652","14","101","6926.900","01:30","00:25","12","2026-06-04 05:01:30","2026-06-04 05:03:11",-72.6318095238095,99.3746666666667,5.44761904761905,2.76098095238095,88.5509619047619,0.0412285714285714,"Control",4,"Disturbance",NA
"81A-1767","43","101","6926.900","01:30","00:25","14","2026-06-02 07:27:29","2026-06-02 07:29:12",13.6065420560748,101.305794392523,2.75468224299065,0.32285046728972,141.179429906542,0.0549439252336449,"Fresh",11,"1 µm",NA
"81A-1767","44","101","6926.900","01:30","00:25","14","2026-06-02 07:30:31","2026-06-02 07:32:14",160.601401869159,101.306261682243,2.57570093457944,0.734242990654206,15.6740560747664,0.0480841121495327,"Fresh",11,"45 µm",NA
"81A-1767","40","101","6926.900","01:30","00:25","13","2026-06-02 07:33:31","2026-06-02 07:35:13",13.5356603773585,101.30179245283,2.884,0.774622641509434,140.407273584906,0.172632075471698,"Fresh",10,"45 µm",NA
"81A-1767","38","101","6926.900","01:30","00:25","14","2026-06-02 07:36:30","2026-06-02 07:38:13",-72.8142056074766,101.313925233645,2.76261682242991,-0.525542056074766,73.1618037383178,0.0854766355140187,"Fresh",10,"Disturbance",NA
"81A-1767","45","101","6926.900","01:30","00:25","14","2026-06-02 07:39:30","2026-06-02 07:41:13",-70.0903738317757,101.309906542056,2.66541121495327,0.693897196261682,15.420691588785,0.124672897196262,"Fresh",12,"Control",NA
"81A-1767","41","101","6918.900","01:30","00:25","13","2026-06-02 08:24:28","2026-06-02 08:26:10",15.442641509434,101.326509433962,2.67641509433962,-0.529849056603774,141.125188679245,0.0387264150943396,"Fresh",11,"Control",NA
"81A-1767","43","101","6926.900","01:30","00:25","14","2026-06-02 08:27:29","2026-06-02 08:29:12",15.5409345794393,101.362710280374,2.7518691588785,0.275560747663551,141.108121495327,0.0541214953271028,"Fresh",11,"1 µm",NA
"81A-1767","44","101","6926.900","01:30","00:25","14","2026-06-02 08:30:30","2026-06-02 08:32:13",160.743644859813,101.366074766355,2.5785046728972,0.762607476635514,15.6238878504673,0.0490093457943925,"Fresh",11,"45 µm",NA
"81A-1767","40","101","6926.900","01:30","00:25","13","2026-06-02 08:33:30","2026-06-02 08:35:12",15.6504716981132,101.362830188679,2.87731132075472,0.774415094339623,140.389566037736,0.151179245283019,"Fresh",10,"45 µm",NA
"81A-1767","38","101","6926.900","01:30","00:25","14","2026-06-02 08:36:30","2026-06-02 08:38:13",-72.5770093457944,101.377663551402,2.76355140186916,-0.53088785046729,73.1599158878505,0.0860280373831776,"Fresh",10,"Disturbance",NA
"81A-1652","15","101","6926.900","01:30","00:25","12","2026-06-04 05:04:30","2026-06-04 05:06:11",12.9238095238095,99.352380952381,5.44476190476191,2.7727619047619,143.195980952381,0.0383714285714286,"Control",4,"1 µm",NA
"81A-1767","45","101","6926.900","01:30","00:25","14","2026-06-02 08:39:30","2026-06-02 08:41:13",-69.8106542056075,101.375794392523,2.65297196261682,0.809757009345794,15.4000373831776,0.121289719626168,"Fresh",12,"Control",NA
"81A-1767","41","101","6918.900","01:30","00:25","13","2026-06-02 09:24:28","2026-06-02 09:26:10",16.9991509433962,101.366132075472,2.67358490566038,-0.529849056603774,141.513301886792,0.0385283018867925,"Fresh",11,"Control",NA
"81A-1767","43","101","6926.900","01:30","00:25","14","2026-06-02 09:27:28","2026-06-02 09:29:11",17.0499065420561,101.398691588785,2.7213738317757,0.322747663551402,141.474420560748,0.0537196261682243,"Fresh",11,"1 µm",NA
"81A-1767","44","101","6926.900","01:30","00:25","14","2026-06-02 09:30:29","2026-06-02 09:32:12",161.151869158878,101.403738317757,2.58543925233645,0.750990654205608,15.6215327102804,0.0502336448598131,"Fresh",11,"45 µm",NA
"81A-1767","40","101","6926.900","01:30","00:25","13","2026-06-02 09:33:29","2026-06-02 09:35:11",16.8302830188679,101.39858490566,2.8622641509434,0.774471698113208,140.488858490566,0.143132075471698,"Fresh",10,"45 µm",NA
"81A-1767","38","101","6926.900","01:30","00:25","14","2026-06-02 09:36:28","2026-06-02 09:38:11",-73.4161682242991,101.409345794393,2.68585046728972,-0.53088785046729,73.1496074766355,0.0862710280373832,"Fresh",10,"Disturbance",NA
"81A-1767","45","101","6926.900","01:30","00:25","14","2026-06-02 09:39:28","2026-06-02 09:41:11",-69.5485046728972,101.406074766355,2.56542056074766,0.816299065420561,15.3913271028037,0.118990654205607,"Fresh",12,"Control",NA
"81A-1767","41","101","6918.900","01:30","00:25","13","2026-06-02 10:24:28","2026-06-02 10:26:10",18.0766037735849,101.363679245283,2.69681132075472,-0.529952830188679,142.09158490566,0.0378301886792453,"Fresh",11,"Control",NA
"81A-1767","43","101","6926.900","01:30","00:25","14","2026-06-02 10:27:29","2026-06-02 10:29:12",18.0951401869159,101.394672897196,2.7368785046729,0.322644859813084,142.110897196262,0.0530654205607477,"Fresh",11,"1 µm",NA
"81A-1767","44","101","6926.900","01:30","00:25","14","2026-06-02 10:30:31","2026-06-02 10:32:14",162.095046728972,101.394392523364,2.60826168224299,0.747102803738318,15.6646728971963,0.0511401869158878,"Fresh",11,"45 µm",NA
"81A-1652","16","101","6926.900","01:30","00:25","12","2026-06-04 05:07:28","2026-06-04 05:09:09",12.7922857142857,99.665619047619,5.15047619047619,2.76119047619048,21.8849428571429,0.036952380952381,"Control",4,"45 µm",NA
"81A-1767","40","101","6926.900","01:30","00:25","13","2026-06-02 10:33:31","2026-06-02 10:35:13",17.9321698113208,101.389811320755,2.86320754716981,0.775509433962264,140.704188679245,0.139528301886792,"Fresh",10,"45 µm",NA
"81A-1767","38","101","6926.900","01:30","00:25","14","2026-06-02 10:36:31","2026-06-02 10:38:14",-73.4248598130841,101.400186915888,2.75320560747664,-0.477841121495327,73.1942710280374,0.0868224299065421,"Fresh",10,"Disturbance",NA
"81A-1767","45","101","6926.900","01:30","00:25","14","2026-06-02 10:39:31","2026-06-02 10:41:14",-70.2044859813084,101.39214953271,2.58544859813084,0.773467289719626,15.4326261682243,0.11918691588785,"Fresh",12,"Control",NA
"81A-1767","41","101","6918.900","01:30","00:25","13","2026-06-02 11:24:28","2026-06-02 11:26:10",22.0810377358491,101.359245283019,2.70057547169811,-0.529952830188679,142.648066037736,0.0376509433962264,"Fresh",11,"Control",NA
"81A-1767","43","101","6926.900","01:30","00:25","14","2026-06-02 11:27:27","2026-06-02 11:29:10",19.2447663551402,101.391869158879,2.75764485981308,0.322065420560748,142.978682242991,0.0528878504672897,"Fresh",11,"1 µm",NA
"81A-1767","44","101","6926.900","01:30","00:25","14","2026-06-02 11:30:27","2026-06-02 11:32:10",163.074579439252,101.393738317757,2.59473831775701,0.781542056074766,15.7486168224299,0.0525607476635514,"Fresh",11,"45 µm",NA
"81A-1767","40","101","6926.900","01:30","00:25","13","2026-06-02 11:33:27","2026-06-02 11:35:09",19.3259433962264,101.389433962264,2.8622641509434,0.775509433962264,141.015943396226,0.137349056603774,"Fresh",10,"45 µm",NA
"81A-1767","38","101","6926.900","01:30","00:25","14","2026-06-02 11:36:26","2026-06-02 11:38:09",-72.537476635514,101.40308411215,2.6995046728972,-0.531775700934579,73.2465327102804,0.0857196261682243,"Fresh",10,"Disturbance",NA
"81A-1767","45","101","6926.900","01:30","00:25","14","2026-06-02 11:39:26","2026-06-02 11:41:09",-69.4056074766355,101.391588785047,2.56916822429907,0.747214953271028,15.5094953271028,0.111411214953271,"Fresh",12,"Control",NA
"81A-1767","41","101","6918.900","01:30","00:25","13","2026-06-02 12:24:28","2026-06-02 12:26:10",21.025,101.352830188679,2.66698113207547,-0.530839622641509,144.344169811321,0.0357924528301887,"Fresh",11,"Control",NA
"81A-1652","14","101","6926.900","01:30","00:25","12","2026-06-03 17:01:30","2026-06-03 17:03:11",-69.4622857142857,99.3726666666667,5.34666666666667,2.76353333333333,88.6483619047619,0.0405238095238095,"Control",4,"Disturbance",NA
"81A-1652","49","101","6926.900","01:30","00:25","12","2026-06-04 05:10:27","2026-06-04 05:12:08",13.1718095238095,99.378,5.44761904761905,0.036752380952381,87.7749904761905,0.0375428571428571,"Control",NA,"Control",NA
"81A-1767","43","101","6926.900","01:30","00:25","14","2026-06-02 12:27:29","2026-06-02 12:29:12",21.1614953271028,101.375794392523,2.67289719626168,0.32196261682243,144.441990654206,0.0515794392523364,"Fresh",11,"1 µm",NA
"81A-1767","44","101","6926.900","01:30","00:25","14","2026-06-02 12:30:30","2026-06-02 12:32:13",166.068878504673,101.371308411215,2.57009345794393,0.766121495327103,15.8195794392523,0.0581682242990654,"Fresh",11,"45 µm",NA
"81A-1767","40","101","6926.900","01:30","00:25","13","2026-06-02 12:33:30","2026-06-02 12:35:12",20.3628301886792,101.366886792453,2.86320754716981,0.775216981132075,141.288679245283,0.13577358490566,"Fresh",10,"45 µm",NA
"81A-1767","38","101","6926.900","01:30","00:25","14","2026-06-02 12:36:29","2026-06-02 12:38:12",-71.4971028037383,101.374579439252,2.66542056074766,-0.53,73.2604859813084,0.0843177570093458,"Fresh",10,"Disturbance",NA
"81A-1767","45","101","6926.900","01:30","00:25","14","2026-06-02 12:39:29","2026-06-02 12:41:12",-68.7098130841122,101.360280373832,2.56448598130841,0.807971962616822,15.5960373831776,0.110551401869159,"Fresh",12,"Control",NA
"81A-1767","41","101","6918.900","01:30","00:25","13","2026-06-02 13:24:28","2026-06-02 13:26:10",21.8354716981132,101.293113207547,2.66415094339623,-0.530943396226415,145.288698113208,0.0352169811320755,"Fresh",11,"Control",NA
"81A-1767","43","101","6926.900","01:30","00:25","14","2026-06-02 13:27:29","2026-06-02 13:29:12",24.3810280373832,101.317289719626,2.68926168224299,0.32285046728972,144.997177570093,0.0524205607476635,"Fresh",11,"1 µm",NA
"81A-1767","44","101","6926.900","01:30","00:25","14","2026-06-02 13:30:29","2026-06-02 13:32:12",166.460093457944,101.314672897196,2.56542056074766,0.755990654205608,16.169691588785,0.065411214953271,"Fresh",11,"45 µm",NA
"81A-1767","40","101","6926.900","01:30","00:25","13","2026-06-02 13:33:29","2026-06-02 13:35:11",20.9372641509434,101.310754716981,2.86603773584906,0.775198113207547,141.339981132075,0.139103773584906,"Fresh",10,"45 µm",NA
"81A-1767","38","101","6926.900","01:30","00:25","14","2026-06-02 13:36:30","2026-06-02 13:38:13",-71.3351401869159,101.319065420561,2.66542056074766,-0.528224299065421,73.3287943925234,0.0837196261682243,"Fresh",10,"Disturbance",NA
"81A-1652","13","101","6926.900","01:30","00:25","13","2026-06-04 05:58:31","2026-06-04 06:00:13",-70.3900943396226,99.3567924528302,5.35390566037736,2.89474528301887,87.6325283018868,0.0350283018867925,"Control",4,"Control",NA
"81A-1767","45","101","6926.900","01:30","00:25","14","2026-06-02 13:39:32","2026-06-02 13:41:15",-68.5115887850467,101.307476635514,2.56448598130841,0.806635514018692,15.6783271028037,0.111757009345794,"Fresh",12,"Control",NA
"81A-1767","41","101","6918.900","01:30","00:25","13","2026-06-02 14:24:28","2026-06-02 14:26:10",21.8275471698113,101.246037735849,2.66415094339623,-0.531141509433962,145.590962264151,0.0349339622641509,"Fresh",11,"Control",NA
"81A-1767","43","101","6926.900","01:30","00:25","13","2026-06-02 14:27:29","2026-06-02 14:29:11",21.6615094339623,101.260754716981,2.67583018867925,0.319858490566038,145.609726415094,0.0532641509433962,"Fresh",11,"1 µm",NA
"81A-1767","44","101","6926.900","01:30","00:25","14","2026-06-02 14:30:29","2026-06-02 14:32:12",166.839719626168,101.269345794393,2.56635514018692,0.782411214953271,16.5014205607477,0.0611308411214953,"Fresh",11,"45 µm",NA
"81A-1767","40","101","6926.900","01:30","00:25","13","2026-06-02 14:33:29","2026-06-02 14:35:11",21.3890566037736,101.25858490566,2.86698113207547,0.774367924528302,141.293245283019,0.136415094339623,"Fresh",10,"45 µm",NA
"81A-1767","38","101","6926.900","01:30","00:25","14","2026-06-02 14:36:28","2026-06-02 14:38:11",-72.1865420560748,101.268411214953,2.66448598130841,-0.526654205607477,73.3655607476636,0.0836915887850467,"Fresh",10,"Disturbance",NA
"81A-1767","45","101","6926.900","01:30","00:25","14","2026-06-02 14:39:31","2026-06-02 14:41:14",-68.2857009345794,101.25953271028,2.56542056074766,0.676439252336449,15.7485700934579,0.112327102803738,"Fresh",12,"Control",NA
"81A-1767","41","101","6918.900","01:30","00:25","13","2026-06-02 15:24:28","2026-06-02 15:26:10",21.8477358490566,101.216037735849,2.66415094339623,-0.531830188679245,145.898594339623,0.0347264150943396,"Fresh",11,"Control",NA
"81A-1767","43","101","6926.900","01:30","00:25","14","2026-06-02 15:27:28","2026-06-02 15:29:11",21.8540186915888,101.242056074766,2.66728971962617,0.318990654205607,145.84523364486,0.0527383177570094,"Fresh",11,"1 µm",NA
"81A-1767","44","101","6926.900","01:30","00:25","14","2026-06-02 15:30:28","2026-06-02 15:32:11",167.086355140187,101.240560747664,2.56448598130841,0.781644859813084,16.6093644859813,0.0577943925233645,"Fresh",11,"45 µm",NA
"81A-1652","14","101","6926.900","01:30","00:25","12","2026-06-04 06:01:30","2026-06-04 06:03:11",-72.060380952381,99.3985714285714,5.44761904761905,2.76165714285714,88.5580666666667,0.0387809523809524,"Control",4,"Disturbance",NA
"81A-1767","40","101","6926.900","01:30","00:25","13","2026-06-02 15:33:28","2026-06-02 15:35:10",21.4659433962264,101.23358490566,2.86132075471698,0.775198113207547,141.176905660377,0.136150943396226,"Fresh",10,"45 µm",NA
"81A-1767","38","101","6926.900","01:30","00:25","14","2026-06-02 15:36:27","2026-06-02 15:38:10",-72.1372897196262,101.238317757009,2.66448598130841,-0.526757009345794,73.3476355140187,0.0834299065420561,"Fresh",10,"Disturbance",NA
"81A-1767","45","101","6926.900","01:30","00:25","14","2026-06-02 15:39:27","2026-06-02 15:41:10",-69.2105607476635,101.228411214953,2.56542056074766,0.775794392523364,15.8340373831776,0.112317757009346,"Fresh",12,"Control",NA
"81A-1767","41","101","6918.900","01:30","00:25","13","2026-06-02 16:24:28","2026-06-02 16:26:10",21.6734905660377,101.158018867925,2.66415094339623,-0.531830188679245,146.059141509434,0.0347264150943396,"Fresh",11,"Control",NA
"81A-1767","43","101","6926.900","01:30","00:25","14","2026-06-02 16:27:28","2026-06-02 16:29:11",21.5533644859813,101.183457943925,2.67607476635514,0.318,146.066495327103,0.0525327102803738,"Fresh",11,"1 µm",NA
"81A-1767","44","101","6926.900","01:30","00:25","14","2026-06-02 16:30:29","2026-06-02 16:32:12",167.217476635514,101.183831775701,2.56448598130841,0.744065420560748,16.6560186915888,0.0567943925233645,"Fresh",11,"45 µm",NA
"81A-1767","40","101","6926.900","01:30","00:25","13","2026-06-02 16:33:29","2026-06-02 16:35:11",21.5784905660377,101.176226415094,2.8688679245283,0.775207547169811,141.174632075472,0.136471698113208,"Fresh",10,"45 µm",NA
"81A-1767","38","101","6926.900","01:30","00:25","14","2026-06-02 16:36:30","2026-06-02 16:38:13",-72.2295327102804,101.183364485981,2.66448598130841,-0.476897196261682,73.3648411214953,0.0839158878504673,"Fresh",10,"Disturbance",NA
"81A-1767","45","101","6926.900","01:30","00:25","14","2026-06-02 16:39:32","2026-06-02 16:41:15",-69.287476635514,101.171121495327,2.56635514018692,0.77414953271028,15.9196355140187,0.111794392523364,"Fresh",12,"Control",NA
"81A-1767","41","101","6918.900","01:30","00:25","13","2026-06-02 17:24:28","2026-06-02 17:26:10",21.3896226415094,101.143018867925,2.66415094339623,-0.531830188679245,146.1535,0.0346981132075472,"Fresh",11,"Control",NA
"81A-1652","15","101","6926.900","01:30","00:25","12","2026-06-04 06:04:30","2026-06-04 06:06:11",13.9579047619048,99.3792380952381,5.44571428571429,2.77491428571429,143.061495238095,0.0378095238095238,"Control",4,"1 µm",NA
"81A-1767","43","101","6926.900","01:30","00:25","14","2026-06-02 17:27:28","2026-06-02 17:29:11",21.2676635514019,101.171495327103,2.66830841121495,0.317009345794393,146.227037383178,0.0524485981308411,"Fresh",11,"1 µm",NA
"81A-1767","44","101","6926.900","01:30","00:25","14","2026-06-02 17:30:29","2026-06-02 17:32:12",167.358598130841,101.170841121495,2.56448598130841,0.780906542056075,16.6888317757009,0.0562242990654206,"Fresh",11,"45 µm",NA
"81A-1767","40","101","6926.900","01:30","00:25","13","2026-06-02 17:33:31","2026-06-02 17:35:13",21.0284905660377,101.163773584906,2.86509433962264,0.775518867924528,141.245226415094,0.135481132075472,"Fresh",10,"45 µm",NA
"81A-1767","38","101","6926.900","01:30","00:25","14","2026-06-02 17:36:30","2026-06-02 17:38:13",-72.1809345794393,101.171775700935,2.66635514018692,-0.528327102803738,73.3770186915888,0.082411214953271,"Fresh",10,"Disturbance",NA
"81A-1767","45","101","6926.900","01:30","00:25","14","2026-06-02 17:39:31","2026-06-02 17:41:14",-69.1529906542056,101.161682242991,2.56635514018692,0.742691588785047,15.9882429906542,0.112775700934579,"Fresh",12,"Control",NA
"81A-1767","41","101","6918.900","01:30","00:25","13","2026-06-02 18:24:28","2026-06-02 18:26:10",20.6765094339623,101.155471698113,2.64325471698113,-0.531830188679245,146.164820754717,0.0346792452830189,"Fresh",11,"Control",NA
"81A-1767","43","101","6926.900","01:30","00:25","14","2026-06-02 18:27:28","2026-06-02 18:29:11",20.9032710280374,101.185140186916,2.66728971962617,0.316242990654206,146.01853271028,0.0525046728971963,"Fresh",11,"1 µm",NA
"81A-1767","44","101","6926.900","01:30","00:25","14","2026-06-02 18:30:29","2026-06-02 18:32:12",167.038504672897,101.18046728972,2.56448598130841,0.734299065420561,16.7069345794393,0.0550186915887851,"Fresh",11,"45 µm",NA
"81A-1767","40","101","6926.900","01:30","00:25","13","2026-06-02 18:33:30","2026-06-02 18:35:12",20.5833962264151,101.174528301887,2.86192452830189,0.775509433962264,141.318367924528,0.134547169811321,"Fresh",10,"45 µm",NA
"81A-1767","38","101","6926.900","01:30","00:25","14","2026-06-02 18:36:31","2026-06-02 18:38:14",-72.1089719626168,101.182242990654,2.66355140186916,-0.529794392523364,73.3811214953271,0.0817102803738318,"Fresh",10,"Disturbance",NA
"81A-1652","16","101","6926.900","01:30","00:25","12","2026-06-04 06:07:30","2026-06-04 06:09:11",13.9492380952381,99.6938095238095,5.15047619047619,2.76393333333333,21.7879333333333,0.0372190476190476,"Control",4,"45 µm",NA
"81A-1767","45","101","6926.900","01:30","00:25","14","2026-06-02 18:39:33","2026-06-02 18:41:16",-69.1790654205607,101.171308411215,2.56448598130841,0.724598130841121,16.0365981308411,0.113093457943925,"Fresh",12,"Control",NA
"81A-1767","41","101","6918.900","01:30","00:25","13","2026-06-02 19:24:28","2026-06-02 19:26:10",19.9321698113208,101.128679245283,2.66509433962264,-0.531830188679245,145.99820754717,0.0347075471698113,"Fresh",11,"Control",NA
"81A-1767","43","101","6926.900","01:30","00:25","13","2026-06-02 19:27:28","2026-06-02 19:29:10",19.9829245283019,101.149150943396,2.69177358490566,0.315990566037736,145.965783018868,0.0525849056603774,"Fresh",11,"1 µm",NA
"81A-1767","44","101","6926.900","01:30","00:25","14","2026-06-02 19:30:28","2026-06-02 19:32:11",166.748691588785,101.158598130841,2.56448598130841,0.782411214953271,16.712308411215,0.0541214953271028,"Fresh",11,"45 µm",NA
"81A-1767","40","101","6926.900","01:30","00:25","13","2026-06-02 19:33:30","2026-06-02 19:35:12",19.6678301886792,101.151698113208,2.86981132075472,0.775509433962264,141.278358490566,0.133160377358491,"Fresh",10,"45 µm",NA
"81A-1767","38","101","6926.900","01:30","00:25","14","2026-06-02 19:36:31","2026-06-02 19:38:14",-72.2298130841122,101.164859813084,2.66635514018692,-0.531878504672897,73.3595514018692,0.0800747663551402,"Fresh",10,"Disturbance",NA
"81A-1767","45","101","6926.900","01:30","00:25","14","2026-06-02 19:39:31","2026-06-02 19:41:14",-69.3086915887851,101.161028037383,2.57009345794393,0.73014953271028,16.0595420560748,0.113682242990654,"Fresh",12,"Control",NA
"81A-1767","41","101","6918.900","01:30","00:25","13","2026-06-02 20:24:28","2026-06-02 20:26:10",18.3216037735849,101.147264150943,2.66509433962264,-0.531141509433962,145.663433962264,0.0348584905660377,"Fresh",11,"Control",NA
"81A-1767","43","101","6926.900","01:30","00:25","14","2026-06-02 20:27:29","2026-06-02 20:29:12",18.2776635514019,101.176261682243,2.67297196261682,0.290317757009346,145.591196261682,0.0528504672897196,"Fresh",11,"1 µm",NA
"81A-1767","44","101","6926.900","01:30","00:25","14","2026-06-02 20:30:31","2026-06-02 20:32:14",165.772990654206,101.175327102804,2.56448598130841,0.734196261682243,16.6782803738318,0.0511588785046729,"Fresh",11,"45 µm",NA
"81A-1652","49","101","6926.900","01:30","00:25","12","2026-06-04 06:10:29","2026-06-04 06:12:10",14.4967619047619,99.4008571428571,5.44761904761905,0.036752380952381,87.7643904761905,0.0371333333333333,"Control",NA,"Control",NA
"81A-1767","40","101","6926.900","01:30","00:25","13","2026-06-02 20:33:31","2026-06-02 20:35:13",18.0257547169811,101.171886792453,2.8688679245283,0.774632075471698,141.47970754717,0.129575471698113,"Fresh",10,"45 µm",NA
"81A-1767","38","101","6926.900","01:30","00:25","14","2026-06-02 20:36:30","2026-06-02 20:38:13",-72.01,101.187009345794,2.66448598130841,-0.528551401869159,73.4234205607477,0.0796261682242991,"Fresh",10,"Disturbance",NA
"81A-1767","45","101","6926.900","01:30","00:25","14","2026-06-02 20:39:33","2026-06-02 20:41:16",-69.2865420560748,101.18261682243,2.56822429906542,0.703009345794392,16.0395514018692,0.114028037383178,"Fresh",12,"Control",NA
"81A-1767","41","101","6918.900","01:30","00:25","13","2026-06-02 21:24:28","2026-06-02 21:26:10",16.6574528301887,101.174056603774,2.66415094339623,-0.530943396226415,144.978924528302,0.0355943396226415,"Fresh",11,"Control",NA
"81A-1767","43","101","6926.900","01:30","00:25","14","2026-06-02 21:27:29","2026-06-02 21:29:12",16.4981308411215,101.204205607477,2.68900934579439,0.315028037383178,144.983663551402,0.0532616822429907,"Fresh",11,"1 µm",NA
"81A-1767","44","101","6926.900","01:30","00:25","14","2026-06-02 21:30:30","2026-06-02 21:32:13",165.602429906542,101.199813084112,2.56542056074766,0.761336448598131,16.5962523364486,0.0491775700934579,"Fresh",11,"45 µm",NA
"81A-1767","40","101","6926.900","01:30","00:25","13","2026-06-02 21:33:30","2026-06-02 21:35:12",16.2847169811321,101.193018867925,2.8688679245283,0.775198113207547,141.501349056604,0.130216981132075,"Fresh",10,"45 µm",NA
"81A-1767","38","101","6926.900","01:30","00:25","14","2026-06-02 21:36:29","2026-06-02 21:38:12",-71.7129906542056,101.200747663551,2.68335514018692,-0.532766355140187,73.3772710280374,0.0788130841121495,"Fresh",10,"Disturbance",NA
"81A-1767","45","101","6926.900","01:30","00:25","14","2026-06-02 21:39:29","2026-06-02 21:41:12",-68.9777570093458,101.194579439252,2.56542056074766,0.80118691588785,15.9799719626168,0.11292523364486,"Fresh",12,"Control",NA
"81A-1767","41","101","6918.900","01:30","00:25","13","2026-06-02 22:24:28","2026-06-02 22:26:10",15.8469811320755,101.190660377358,2.66603773584906,-0.530839622641509,144.254094339623,0.035811320754717,"Fresh",11,"Control",NA
"81A-1652","13","101","6926.900","01:30","00:25","13","2026-06-04 06:58:31","2026-06-04 07:00:13",-70.8832075471698,99.3939622641509,5.34905660377358,2.89622641509434,87.6275660377358,0.034877358490566,"Control",4,"Control",NA
"81A-1767","43","101","6926.900","01:30","00:25","14","2026-06-02 22:27:29","2026-06-02 22:29:12",15.7383177570093,101.223925233645,2.75319626168224,0.314822429906542,144.197392523364,0.0532336448598131,"Fresh",11,"1 µm",NA
"81A-1767","44","101","6926.900","01:30","00:25","14","2026-06-02 22:30:30","2026-06-02 22:32:13",164.214205607477,101.228878504673,2.5752523364486,0.752757009345794,16.4764859813084,0.0486261682242991,"Fresh",11,"45 µm",NA
"81A-1767","40","101","6926.900","01:30","00:25","13","2026-06-02 22:33:30","2026-06-02 22:35:12",15.492641509434,101.224150943396,2.8688679245283,0.773490566037736,141.436339622641,0.134056603773585,"Fresh",10,"45 µm",NA
"81A-1767","38","101","6926.900","01:30","00:25","14","2026-06-02 22:36:29","2026-06-02 22:38:12",-72.6828037383178,101.235794392523,2.72140186915888,-0.531878504672897,73.3490093457944,0.0790186915887851,"Fresh",10,"Disturbance",NA
"81A-1767","45","101","6926.900","01:30","00:25","14","2026-06-02 22:39:31","2026-06-02 22:41:14",-69.7766355140187,101.233831775701,2.59528037383178,0.774495327102804,15.8913364485981,0.128084112149533,"Fresh",12,"Control",NA
"81A-1767","41","101","6918.900","01:30","00:25","13","2026-06-02 23:24:28","2026-06-02 23:26:10",15.2347169811321,101.23141509434,2.66981132075472,-0.529952830188679,143.093122641509,0.0372358490566038,"Fresh",11,"Control",NA
"81A-1767","43","101","6926.900","01:30","00:25","14","2026-06-02 23:27:29","2026-06-02 23:29:12",15.1308411214953,101.261214953271,2.74390654205607,0.312869158878505,142.985859813084,0.0542710280373832,"Fresh",11,"1 µm",NA
"81A-1767","44","101","6926.900","01:30","00:25","14","2026-06-02 23:30:31","2026-06-02 23:32:14",162.815420560748,101.260841121495,2.56915887850467,0.741803738317757,16.3391214953271,0.0485420560747664,"Fresh",11,"45 µm",NA
"81A-1767","40","101","6926.900","01:30","00:25","13","2026-06-02 23:33:31","2026-06-02 23:35:13",14.9719811320755,101.254433962264,2.86698113207547,0.775622641509434,140.920594339623,0.14188679245283,"Fresh",10,"45 µm",NA
"81A-1767","38","101","6926.900","01:30","00:25","14","2026-06-02 23:36:30","2026-06-02 23:38:13",-73.4614953271028,101.263177570093,2.7091214953271,-0.531093457943925,73.2855607476636,0.0786728971962617,"Fresh",10,"Disturbance",NA
"81A-1652","14","101","6926.900","01:30","00:25","12","2026-06-04 07:01:30","2026-06-04 07:03:11",-72.5171428571429,99.4314285714286,5.44761904761905,2.76119047619048,88.5278952380952,0.0367333333333333,"Control",4,"Disturbance",NA
"81A-1767","41","101","6918.9","01:30","00:25","13","2026-06-03 00:06:40","2026-06-03 00:08:22",15.0487735849057,101.213679245283,2.6688679245283,-0.530056603773585,142.402150943396,0.0377735849056604,"Fresh",11,"Control",NA
"81A-1767","43","101","6926.900","01:30","00:25","14","2026-06-03 00:09:39","2026-06-03 00:11:22",15.0875700934579,101.252056074766,2.72788785046729,0.315028037383178,142.58291588785,0.054018691588785,"Fresh",11,"1 µm",NA
"81A-1767","44","101","6926.900","01:30","00:25","14","2026-06-03 00:12:40","2026-06-03 00:14:23",161.726822429907,101.251214953271,2.57102803738318,0.777841121495327,16.2492429906542,0.0487196261682243,"Fresh",11,"45 µm",NA
"81A-1767","40","101","6926.900","01:30","00:25","13","2026-06-03 00:15:40","2026-06-03 00:17:22",14.9611320754717,101.248773584906,2.8688679245283,0.774943396226415,141.014528301887,0.143066037735849,"Fresh",10,"45 µm",NA
"81A-1767","38","101","6926.900","01:30","00:25","14","2026-06-03 00:18:39","2026-06-03 00:20:22",-73.1014953271028,101.259345794393,2.74454205607477,-0.53088785046729,73.2392710280374,0.0782056074766355,"Fresh",10,"Disturbance",NA
"81A-1767","45","101","6926.900","01:30","00:25","14","2026-06-03 00:21:41","2026-06-03 00:23:24",-70.2546728971963,101.25261682243,2.58923364485981,0.815,15.7209813084112,0.12707476635514,"Fresh",12,"Control",NA
"81A-1767","41","101","6918.900","01:30","00:25","13","2026-06-03 00:24:45","2026-06-03 00:26:27",15.1016037735849,101.250754716981,2.66981132075472,-0.443405660377359,142.73029245283,0.0376509433962264,"Fresh",11,"Control",NA
"81A-1767","43","101","6926.900","01:30","00:25","14","2026-06-03 00:27:46","2026-06-03 00:29:29",15.0328037383178,101.260747663551,2.75200934579439,0.315028037383178,142.705158878505,0.0539345794392523,"Fresh",11,"1 µm",NA
"81A-1767","44","101","6926.900","01:30","00:25","14","2026-06-03 00:30:47","2026-06-03 00:32:30",162.908224299065,101.258037383178,2.58903738317757,0.765196261682243,16.2121495327103,0.0487196261682243,"Fresh",11,"45 µm",NA
"81A-1767","40","101","6926.900","01:30","00:25","13","2026-06-03 00:33:49","2026-06-03 00:35:31",14.8799056603774,101.253396226415,2.87170754716981,0.776132075471698,140.921283018868,0.143301886792453,"Fresh",10,"45 µm",NA
"81A-1652","15","101","6926.900","01:30","00:25","12","2026-06-04 07:04:28","2026-06-04 07:06:09",16.6830476190476,99.4061904761905,5.44,2.7734380952381,143.222095238095,0.0370857142857143,"Control",4,"1 µm",NA
"81A-1767","38","101","6926.900","01:30","00:25","14","2026-06-03 00:36:49","2026-06-03 00:38:32",-72.6291588785047,101.261962616822,2.75479439252336,-0.51803738317757,73.2603177570093,0.0771869158878505,"Fresh",10,"Disturbance",NA
"81A-1767","45","101","6926.900","01:30","00:25","14","2026-06-03 00:39:51","2026-06-03 00:41:34",-70.0714953271028,101.254112149533,2.61792523364486,0.814345794392523,15.6938037383178,0.127869158878505,"Fresh",12,"Control",NA
"81A-1767","41","101","6918.900","01:30","00:25","13","2026-06-03 01:24:44","2026-06-03 01:26:26",14.7751886792453,101.229905660377,2.72550943396226,-0.529952830188679,142.158735849057,0.0377830188679245,"Fresh",11,"Control",NA
"81A-1767","43","101","6926.900","01:30","00:25","14","2026-06-03 01:27:43","2026-06-03 01:29:26",14.7353271028037,101.25953271028,2.76355140186916,0.31492523364486,142.161869158878,0.0537663551401869,"Fresh",11,"1 µm",NA
"81A-1767","44","101","6926.900","01:30","00:25","14","2026-06-03 01:30:44","2026-06-03 01:32:27",162.306074766355,101.261495327103,2.63584112149533,0.754401869158879,16.0475887850467,0.0523551401869159,"Fresh",11,"45 µm",NA
"81A-1767","40","101","6926.900","01:30","00:25","13","2026-06-03 01:33:44","2026-06-03 01:35:26",14.5110377358491,101.25679245283,2.89708490566038,0.77561320754717,140.706066037736,0.146981132075472,"Fresh",10,"45 µm",NA
"81A-1767","38","101","6926.900","01:30","00:25","14","2026-06-03 01:36:43","2026-06-03 01:38:26",-73.4172897196262,101.267570093458,2.76355140186916,-0.53088785046729,73.241476635514,0.0775140186915888,"Fresh",10,"Disturbance",NA
"81A-1767","45","101","6926.900","01:30","00:25","14","2026-06-03 01:39:46","2026-06-03 01:41:29",-70.4521495327103,101.261401869159,2.6588785046729,0.675700934579439,15.6102242990654,0.128364485981308,"Fresh",12,"Control",NA
"81A-1767","41","101","6918.900","01:30","00:25","13","2026-06-03 02:24:44","2026-06-03 02:26:26",14.3465094339623,101.260943396226,2.6983679245283,-0.529849056603774,141.825160377358,0.038122641509434,"Fresh",11,"Control",NA
"81A-1767","43","101","6926.900","01:30","00:25","14","2026-06-03 02:27:45","2026-06-03 02:29:28",14.3091588785047,101.289065420561,2.73778504672897,0.313336448598131,141.80476635514,0.0541308411214953,"Fresh",11,"1 µm",NA
"81A-1652","16","101","6926.900","01:30","00:25","12","2026-06-04 07:07:28","2026-06-04 07:09:09",16.8145714285714,99.7159047619048,5.15047619047619,2.76342857142857,21.278980952381,0.036952380952381,"Control",4,"45 µm",NA
"81A-1767","44","101","6926.900","01:30","00:25","14","2026-06-03 02:30:45","2026-06-03 02:32:28",161.722242990654,101.296261682243,2.60519626168224,0.781439252336449,15.9774392523364,0.0489439252336449,"Fresh",11,"45 µm",NA
"81A-1767","40","101","6926.900","01:30","00:25","13","2026-06-03 02:33:45","2026-06-03 02:35:27",14.02,101.292924528302,2.87389622641509,0.774735849056604,140.702537735849,0.156707547169811,"Fresh",10,"45 µm",NA
"81A-1767","38","101","6926.900","01:30","00:25","14","2026-06-03 02:36:46","2026-06-03 02:38:29",-73.4335514018692,101.301308411215,2.75788785046729,-0.53088785046729,73.2378224299065,0.0769065420560748,"Fresh",10,"Disturbance",NA
"81A-1767","45","101","6926.900","01:30","00:25","14","2026-06-03 02:39:48","2026-06-03 02:41:31",-70.6134579439252,101.291214953271,2.5842523364486,0.765616822429906,15.5177476635514,0.128457943925234,"Fresh",12,"Control",NA
"81A-1767","41","101","6918.900","01:30","00:25","13","2026-06-03 03:24:44","2026-06-03 03:26:26",14.1378301886792,101.259905660377,2.67452830188679,-0.529849056603774,141.45308490566,0.0385566037735849,"Fresh",11,"Control",NA
"81A-1767","43","101","6926.900","01:30","00:25","14","2026-06-03 03:27:44","2026-06-03 03:29:27",14.0345794392523,101.285981308411,2.74432710280374,0.31403738317757,141.49791588785,0.0542523364485981,"Fresh",11,"1 µm",NA
"81A-1767","44","101","6926.900","01:30","00:25","14","2026-06-03 03:30:44","2026-06-03 03:32:27",160.50785046729,101.285700934579,2.59571962616822,0.732710280373832,15.8533831775701,0.0485794392523364,"Fresh",11,"45 µm",NA
"81A-1767","40","101","6926.900","01:30","00:25","13","2026-06-03 03:33:44","2026-06-03 03:35:26",13.7881132075472,101.276509433962,2.87366981132075,0.774933962264151,140.553160377358,0.161849056603774,"Fresh",10,"45 µm",NA
"81A-1767","38","101","6926.900","01:30","00:25","14","2026-06-03 03:36:43","2026-06-03 03:38:26",-73.2132710280374,101.285794392523,2.76261682242991,-0.530785046728972,73.2072803738318,0.0765420560747664,"Fresh",10,"Disturbance",NA
"81A-1767","45","101","6926.900","01:30","00:25","14","2026-06-03 03:39:45","2026-06-03 03:41:28",-70.2860747663551,101.281214953271,2.65444859813084,0.741355140186916,15.4240747663551,0.128719626168224,"Fresh",12,"Control",NA
"81A-1652","15","101","6926.900","01:30","00:25","12","2026-06-03 17:04:30","2026-06-03 17:06:11",24.5213333333333,99.3484761904762,5.24952380952381,2.77531428571429,149.378619047619,0.0428,"Control",4,"1 µm",NA
"81A-1652","49","101","6926.900","01:30","00:25","12","2026-06-04 07:10:26","2026-06-04 07:12:07",17.467619047619,99.4187619047619,5.44761904761905,0.036752380952381,87.7542,0.037,"Control",NA,"Control",NA
"81A-1767","41","101","6918.900","01:30","00:25","13","2026-06-03 04:24:44","2026-06-03 04:26:26",13.7258490566038,101.267169811321,2.67641509433962,-0.529849056603774,141.237924528302,0.0386698113207547,"Fresh",11,"Control",NA
"81A-1767","43","101","6926.900","01:30","00:25","14","2026-06-03 04:27:45","2026-06-03 04:29:28",13.7371028037383,101.298411214953,2.76461682242991,0.290084112149533,141.13785046729,0.0541121495327103,"Fresh",11,"1 µm",NA
"81A-1767","44","101","6926.900","01:30","00:25","14","2026-06-03 04:30:47","2026-06-03 04:32:30",159.90691588785,101.295607476636,2.58131775700935,0.733205607476636,15.7321869158878,0.0481495327102804,"Fresh",11,"45 µm",NA
"81A-1767","40","101","6926.900","01:30","00:25","13","2026-06-03 04:33:47","2026-06-03 04:35:29",13.4532075471698,101.286226415094,2.90996226415094,0.774518867924528,140.422679245283,0.166405660377358,"Fresh",10,"45 µm",NA
"81A-1767","38","101","6926.900","01:30","00:25","14","2026-06-03 04:36:46","2026-06-03 04:38:29",-73.1091588785047,101.301495327103,2.76355140186916,-0.530579439252337,73.181691588785,0.0763364485981308,"Fresh",10,"Disturbance",NA
"81A-1767","45","101","6926.900","01:30","00:25","14","2026-06-03 04:39:46","2026-06-03 04:41:29",-70.3063551401869,101.294953271028,2.66261682242991,0.707672897196262,15.3467663551402,0.128897196261682,"Fresh",12,"Control",NA
"81A-1767","41","101","6918.900","01:30","00:25","13","2026-06-03 05:24:44","2026-06-03 05:26:26",13.3846226415094,101.275943396226,2.67452830188679,-0.529849056603774,141.049933962264,0.0387358490566038,"Fresh",11,"Control",NA
"81A-1767","43","101","6926.900","01:30","00:25","14","2026-06-03 05:27:45","2026-06-03 05:29:28",13.3244859813084,101.310747663551,2.73824299065421,0.273841121495327,141.022289719626,0.054196261682243,"Fresh",11,"1 µm",NA
"81A-1767","44","101","6926.900","01:30","00:25","14","2026-06-03 05:30:47","2026-06-03 05:32:30",160.589439252336,101.313644859813,2.57570093457944,0.733102803738318,15.6178785046729,0.047785046728972,"Fresh",11,"45 µm",NA
"81A-1767","40","101","6926.900","01:30","00:25","13","2026-06-03 05:33:47","2026-06-03 05:35:29",13.1356603773585,101.308113207547,2.87078301886792,0.774518867924528,140.458547169811,0.170245283018868,"Fresh",10,"45 µm",NA
"81A-1652","13","101","6926.900","01:30","00:25","13","2026-06-04 07:58:31","2026-06-04 08:00:13",-70.6879245283019,99.3980188679245,5.34905660377358,2.8936320754717,87.5862169811321,0.0365754716981132,"Control",4,"Control",NA
"81A-1767","38","101","6926.900","01:30","00:25","14","2026-06-03 05:36:47","2026-06-03 05:38:30",-72.9326168224299,101.317943925234,2.7584953271028,-0.52811214953271,73.1923457943925,0.0757663551401869,"Fresh",10,"Disturbance",NA
"81A-1767","45","101","6926.900","01:30","00:25","14","2026-06-03 05:39:50","2026-06-03 05:41:33",-70.1233644859813,101.310373831776,2.62563551401869,0.689785046728972,15.2716542056075,0.128859813084112,"Fresh",12,"Control",NA
"81A-1767","41","101","6918.900","01:30","00:25","13","2026-06-03 06:24:44","2026-06-03 06:26:26",13.0316981132075,101.286603773585,2.67452830188679,-0.529849056603774,140.956443396226,0.0387641509433962,"Fresh",11,"Control",NA
"81A-1767","43","101","6926.900","01:30","00:25","14","2026-06-03 06:27:45","2026-06-03 06:29:29",13.0215887850467,101.318411214953,2.69840186915888,0.313934579439252,140.853457943925,0.054,"Fresh",11,"1 µm",NA
"81A-1767","44","101","6926.900","01:30","00:25","14","2026-06-03 06:30:46","2026-06-03 06:32:29",159.861121495327,101.319626168224,2.57570093457944,0.752224299065421,15.5078504672897,0.047785046728972,"Fresh",11,"45 µm",NA
"81A-1767","40","101","6926.900","01:30","00:25","13","2026-06-03 06:33:46","2026-06-03 06:35:28",12.7484905660377,101.315471698113,2.86981132075472,0.77472641509434,140.252047169811,0.174981132075472,"Fresh",10,"45 µm",NA
"81A-1767","38","101","6926.900","01:30","00:25","14","2026-06-03 06:36:45","2026-06-03 06:38:29",-73.4103738317757,101.32476635514,2.74820560747664,-0.530560747663551,73.1205514018692,0.0756542056074766,"Fresh",10,"Disturbance",NA
"81A-1767","45","101","6926.900","01:30","00:25","14","2026-06-03 06:39:45","2026-06-03 06:41:28",-70.5457009345794,101.318411214953,2.63685981308411,0.76914953271028,15.1893644859813,0.129,"Fresh",12,"Control",NA
"81A-1767","41","101","6918.900","01:30","00:25","13","2026-06-03 07:24:44","2026-06-03 07:26:26",13.5447169811321,101.316603773585,2.68524528301887,-0.529160377358491,140.659933962264,0.0389716981132075,"Fresh",11,"Control",NA
"81A-1767","43","101","6926.900","01:30","00:25","14","2026-06-03 07:27:44","2026-06-03 07:29:27",13.5906542056075,101.351869158879,2.68505607476636,0.313373831775701,140.641869158879,0.0537102803738318,"Fresh",11,"1 µm",NA
"81A-1652","14","101","6926.900","01:30","00:25","12","2026-06-04 08:01:32","2026-06-04 08:03:13",-72.3107619047619,99.4392380952381,5.44761904761905,2.76230476190476,88.5617619047619,0.0357904761904762,"Control",4,"Disturbance",NA
"81A-1767","44","101","6926.900","01:30","00:25","14","2026-06-03 07:30:46","2026-06-03 07:32:28",159.415327102804,101.357476635514,2.58598130841122,0.781439252336449,15.4135794392523,0.0483271028037383,"Fresh",11,"45 µm",NA
"81A-1767","40","101","6926.900","01:30","00:25","13","2026-06-03 07:33:46","2026-06-03 07:35:27",13.3974528301887,101.359339622641,2.94297169811321,0.774943396226415,140.134377358491,0.172028301886792,"Fresh",10,"45 µm",NA
"81A-1767","38","101","6926.900","01:30","00:25","14","2026-06-03 07:36:45","2026-06-03 07:38:27",-73.4004672897196,101.376074766355,2.77196261682243,-0.530560747663551,73.1523644859813,0.076018691588785,"Fresh",10,"Disturbance",NA
"81A-1767","45","101","6926.900","01:30","00:25","14","2026-06-03 07:39:45","2026-06-03 07:41:27",-70.4644859813084,101.373271028037,2.64609345794393,0.763495327102804,15.1265700934579,0.126102803738318,"Fresh",12,"Control",NA
"81A-1767","41","101","6918.900","01:30","00:25","13","2026-06-03 08:24:45","2026-06-03 08:26:27",15.373679245283,101.400943396226,2.68147169811321,-0.529160377358491,140.631169811321,0.0389905660377358,"Fresh",11,"Control",NA
"81A-1767","43","101","6926.900","01:30","00:25","14","2026-06-03 08:27:46","2026-06-03 08:29:29",15.6172897196262,101.437570093458,2.68411214953271,0.308794392523364,140.706102803738,0.0530280373831776,"Fresh",11,"1 µm",NA
"81A-1767","44","101","6926.900","01:30","00:25","14","2026-06-03 08:30:47","2026-06-03 08:32:30",159.374672897196,101.439813084112,2.5803738317757,0.780084112149533,15.3821028037383,0.049607476635514,"Fresh",11,"45 µm",NA
"81A-1767","40","101","6926.900","01:30","00:25","13","2026-06-03 08:33:47","2026-06-03 08:35:29",15.6943396226415,101.436603773585,2.86603773584906,0.774415094339623,140.126386792453,0.148679245283019,"Fresh",10,"45 µm",NA
"81A-1767","38","101","6926.900","01:30","00:25","14","2026-06-03 08:36:47","2026-06-03 08:38:30",-73.1100934579439,101.446355140187,2.75072897196262,-0.530560747663551,73.1290093457944,0.0781308411214953,"Fresh",10,"Disturbance",NA
"81A-1767","45","101","6926.900","01:30","00:25","14","2026-06-03 08:39:49","2026-06-03 08:41:32",-70.1890654205608,101.441401869159,2.62917757009346,0.725785046728972,15.1237570093458,0.121373831775701,"Fresh",12,"Control",NA
"81A-1652","15","101","6926.900","01:30","00:25","12","2026-06-04 08:04:30","2026-06-04 08:06:11",20.0546666666667,99.4154285714286,5.3507619047619,2.77520952380952,143.859752380952,0.0363142857142857,"Control",4,"1 µm",NA
"81A-1767","41","101","6918.900","01:30","00:25","13","2026-06-03 09:24:45","2026-06-03 09:26:27",17.9910377358491,101.438679245283,2.67452830188679,-0.529849056603774,141.156650943396,0.0386981132075472,"Fresh",11,"Control",NA
"81A-1767","43","101","6926.900","01:30","00:25","14","2026-06-03 09:27:45","2026-06-03 09:29:28",18.2040186915888,101.474579439252,2.67476635514019,0.31414953271028,141.118981308411,0.0529626168224299,"Fresh",11,"1 µm",NA
"81A-1767","44","101","6926.900","01:30","00:25","14","2026-06-03 09:30:47","2026-06-03 09:32:30",160.211495327103,101.477943925234,2.57476635514019,0.77814953271028,15.4449345794393,0.0517570093457944,"Fresh",11,"45 µm",NA
"81A-1767","40","101","6926.900","01:30","00:25","13","2026-06-03 09:33:48","2026-06-03 09:35:30",18.1460377358491,101.473018867925,2.8622641509434,0.77411320754717,140.426726415094,0.140962264150943,"Fresh",10,"45 µm",NA
"81A-1767","38","101","6926.900","01:30","00:25","14","2026-06-03 09:36:47","2026-06-03 09:38:30",-72.8685981308411,101.484859813084,2.68231775700935,-0.530271028037383,73.2010186915888,0.0792897196261682,"Fresh",10,"Disturbance",NA
"81A-1767","45","101","6926.900","01:30","00:25","14","2026-06-03 09:39:49","2026-06-03 09:41:32",-70.0680373831776,101.476448598131,2.57184112149533,0.713859813084112,15.2016448598131,0.119700934579439,"Fresh",12,"Control",NA
"81A-1767","41","101","6918.900","01:30","00:25","13","2026-06-03 10:24:45","2026-06-03 10:26:27",20.8332075471698,101.428301886792,2.68022641509434,-0.529952830188679,142.260009433962,0.0377264150943396,"Fresh",11,"Control",NA
"81A-1767","43","101","6926.900","01:30","00:25","14","2026-06-03 10:27:45","2026-06-03 10:29:28",21.0933644859813,101.458317757009,2.74318691588785,0.314728971962617,142.246504672897,0.0527196261682243,"Fresh",11,"1 µm",NA
"81A-1767","44","101","6926.900","01:30","00:25","14","2026-06-03 10:30:46","2026-06-03 10:32:29",162.08214953271,101.457289719626,2.61180373831776,0.781747663551402,15.6069439252336,0.0556635514018692,"Fresh",11,"45 µm",NA
"81A-1767","40","101","6926.900","01:30","00:25","13","2026-06-03 10:33:47","2026-06-03 10:35:29",20.8483962264151,101.448679245283,2.8622641509434,0.776132075471698,140.762716981132,0.13788679245283,"Fresh",10,"45 µm",NA
"81A-1652","16","101","6926.900","01:30","00:25","12","2026-06-04 08:07:28","2026-06-04 08:09:09",20.3307619047619,99.7311428571429,5.15047619047619,2.76353333333333,21.3476857142857,0.036047619047619,"Control",4,"45 µm",NA
"81A-1767","38","101","6926.900","01:30","00:25","14","2026-06-03 10:36:47","2026-06-03 10:38:30",-72.7697196261682,101.462803738318,2.72767289719626,-0.527710280373832,73.2162897196262,0.0802803738317757,"Fresh",10,"Disturbance",NA
"81A-1767","45","101","6926.900","01:30","00:25","14","2026-06-03 10:39:49","2026-06-03 10:41:32",-69.2293457943925,101.459439252336,2.58527102803738,0.707429906542056,15.3600841121495,0.111971962616822,"Fresh",12,"Control",NA
"81A-1767","41","101","6918.900","01:30","00:25","13","2026-06-03 11:24:45","2026-06-03 11:26:27",25.7490566037736,101.432452830189,2.6688679245283,-0.530150943396226,143.835886792453,0.0362735849056604,"Fresh",11,"Control",NA
"81A-1767","43","101","6926.900","01:30","00:25","13","2026-06-03 11:27:45","2026-06-03 11:29:27",22.7741509433962,101.455,2.68200943396226,0.314009433962264,144.069943396226,0.0523207547169811,"Fresh",11,"1 µm",NA
"81A-1767","44","101","6926.900","01:30","00:25","14","2026-06-03 11:30:45","2026-06-03 11:32:28",164.176542056075,101.467570093458,2.57196261682243,0.781747663551402,15.8237289719626,0.0598785046728972,"Fresh",11,"45 µm",NA
"81A-1767","40","101","6926.900","01:30","00:25","13","2026-06-03 11:33:45","2026-06-03 11:35:27",22.9166981132075,101.462452830189,2.86192452830189,0.775509433962264,141.305603773585,0.138547169811321,"Fresh",10,"45 µm",NA
"81A-1767","38","101","6926.900","01:30","00:25","14","2026-06-03 11:36:44","2026-06-03 11:38:27",-71.7573831775701,101.473271028037,2.66636448598131,-0.522280373831776,73.3433644859813,0.0810841121495327,"Fresh",10,"Disturbance",NA
"81A-1767","45","101","6926.900","01:30","00:25","14","2026-06-03 11:39:45","2026-06-03 11:41:28",-68.6833644859813,101.46738317757,2.56728971962617,0.70907476635514,15.5460747663551,0.111457943925234,"Fresh",12,"Control",NA
"81A-1767","41","101","6918.900","01:30","00:25","13","2026-06-03 12:24:45","2026-06-03 12:26:27",24.3931132075472,101.414905660377,2.57547169811321,-0.531141509433962,145.653443396226,0.0348679245283019,"Fresh",11,"Control",NA
"81A-1767","43","101","6926.900","01:30","00:25","14","2026-06-03 12:27:45","2026-06-03 12:29:28",24.7176635514019,101.444112149533,2.66822429906542,0.31403738317757,145.729971962617,0.0518878504672897,"Fresh",11,"1 µm",NA
"81A-1652","49","101","6926.900","01:30","00:25","12","2026-06-04 08:10:26","2026-06-04 08:12:07",20.8777142857143,99.4257142857143,5.44476190476191,0.0357619047619048,87.7655047619048,0.0358952380952381,"Control",NA,"Control",NA
"81A-1767","44","101","6926.900","01:30","00:25","14","2026-06-03 12:30:45","2026-06-03 12:32:28",168.262242990654,101.44308411215,2.47663551401869,0.767448598130841,16.0595327102804,0.0640373831775701,"Fresh",11,"45 µm",NA
"81A-1767","40","101","6926.900","01:30","00:25","13","2026-06-03 12:33:45","2026-06-03 12:35:27",24.3425471698113,101.435377358491,2.86192452830189,0.775509433962264,141.06191509434,0.138915094339623,"Fresh",10,"45 µm",NA
"81A-1767","38","101","6926.900","01:30","00:25","14","2026-06-03 12:36:44","2026-06-03 12:38:27",-71.1294392523364,101.443644859813,2.66448598130841,-0.516542056074766,73.3748878504673,0.080392523364486,"Fresh",10,"Disturbance",NA
"81A-1767","45","101","6926.900","01:30","00:25","14","2026-06-03 12:39:44","2026-06-03 12:41:27",-68.3305607476636,101.426728971963,2.56448598130841,0.814859813084112,15.7420934579439,0.111897196261682,"Fresh",12,"Control",NA
"81A-1767","41","101","6918.900","01:30","00:25","13","2026-06-03 13:24:45","2026-06-03 13:26:27",25.3138679245283,101.357264150943,2.66415094339623,-0.531933962264151,146.872556603774,0.0343301886792453,"Fresh",11,"Control",NA
"81A-1767","43","101","6926.900","01:30","00:25","14","2026-06-03 13:27:46","2026-06-03 13:29:29",27.3242990654206,101.381308411215,2.66448598130841,0.313728971962617,146.704336448598,0.0585140186915888,"Fresh",11,"1 µm",NA
"81A-1767","44","101","6926.900","01:30","00:25","14","2026-06-03 13:30:48","2026-06-03 13:32:31",169.227289719626,101.376355140187,2.56542056074766,0.760719626168224,16.466046728972,0.0880467289719626,"Fresh",11,"45 µm",NA
"81A-1767","40","101","6926.900","01:30","00:25","13","2026-06-03 13:33:48","2026-06-03 13:35:30",24.7122641509434,101.367358490566,2.86415094339623,0.775405660377358,141.0865,0.137150943396226,"Fresh",10,"45 µm",NA
"81A-1767","38","101","6926.900","01:30","00:25","14","2026-06-03 13:36:47","2026-06-03 13:38:30",-71.023738317757,101.377943925234,2.66448598130841,-0.51392523364486,73.3743738317757,0.0798317757009346,"Fresh",10,"Disturbance",NA
"81A-1767","45","101","6926.900","01:30","00:25","14","2026-06-03 13:39:49","2026-06-03 13:41:32",-67.7945794392523,101.368037383178,2.56728971962617,0.805196261682243,15.9265887850467,0.112177570093458,"Fresh",12,"Control",NA
"81A-1652","13","101","6926.900","01:30","00:25","12","2026-06-04 08:58:31","2026-06-04 09:00:12",-68.9671428571429,99.3712380952381,5.32615238095238,2.89617142857143,87.6709047619048,0.0422952380952381,"Control",4,"Control",NA
"81A-1767","41","101","6918.900","01:30","00:25","13","2026-06-03 14:24:45","2026-06-03 14:26:27",25.2021698113208,101.335849056604,2.66698113207547,-0.531933962264151,147.529839622642,0.0344622641509434,"Fresh",11,"Control",NA
"81A-1767","43","101","6926.900","01:30","00:25","14","2026-06-03 14:27:46","2026-06-03 14:29:29",25.3691588785047,101.361495327103,2.66448598130841,0.310551401869159,147.562878504673,0.0544859813084112,"Fresh",11,"1 µm",NA
"81A-1767","44","101","6926.900","01:30","00:25","14","2026-06-03 14:30:46","2026-06-03 14:32:29",169.770093457944,101.356168224299,2.56448598130841,0.746981308411215,16.8829065420561,0.0797289719626168,"Fresh",11,"45 µm",NA
"81A-1767","40","101","6926.900","01:30","00:25","13","2026-06-03 14:33:46","2026-06-03 14:35:28",24.9814150943396,101.349716981132,2.85566981132075,0.775509433962264,141.162886792453,0.13688679245283,"Fresh",10,"45 µm",NA
"81A-1767","38","101","6926.900","01:30","00:25","14","2026-06-03 14:36:45","2026-06-03 14:38:28",-71.7455140186916,101.361214953271,2.66448598130841,-0.51288785046729,73.4288785046729,0.0791869158878505,"Fresh",10,"Disturbance",NA
"81A-1767","45","101","6926.900","01:30","00:25","14","2026-06-03 14:39:47","2026-06-03 14:41:30",-68.5348598130841,101.349719626168,2.56355140186916,0.768495327102804,16.0743738317757,0.113401869158879,"Fresh",12,"Control",NA
"81A-1767","41","101","6918.900","01:30","00:25","13","2026-06-03 15:24:45","2026-06-03 15:26:27",24.9742452830189,101.263301886792,2.66509433962264,-0.531933962264151,147.936783018868,0.0333962264150943,"Fresh",11,"Control",NA
"81A-1767","43","101","6926.900","01:30","00:25","14","2026-06-03 15:27:45","2026-06-03 15:29:28",25.2273831775701,101.287102803738,2.66355140186916,0.309084112149533,147.852046728972,0.0539532710280374,"Fresh",11,"1 µm",NA
"81A-1767","44","101","6926.900","01:30","00:25","14","2026-06-03 15:30:46","2026-06-03 15:32:29",169.820560747664,101.283271028037,2.56448598130841,0.78092523364486,17.0657570093458,0.0717757009345794,"Fresh",11,"45 µm",NA
"81A-1767","40","101","6926.900","01:30","00:25","13","2026-06-03 15:33:46","2026-06-03 15:35:28",25.026320754717,101.277358490566,2.85939622641509,0.775509433962264,141.051481132075,0.136150943396226,"Fresh",10,"45 µm",NA
"81A-1652","14","101","6926.900","01:30","00:25","12","2026-06-04 09:01:31","2026-06-04 09:03:12",-70.4136190476191,99.412,5.3716,2.76374285714286,88.6333619047619,0.0348761904761905,"Control",4,"Disturbance",NA
"81A-1767","38","101","6926.900","01:30","00:25","14","2026-06-03 15:36:46","2026-06-03 15:38:29",-71.6939252336449,101.283925233645,2.66728971962617,-0.512205607476636,73.4839252336449,0.0784485981308411,"Fresh",10,"Disturbance",NA
"81A-1767","41","101","6918.9","01:30","00:25","13","2026-06-03 16:08:00","2026-06-03 16:09:42",24.8789622641509,101.201037735849,2.66415094339623,-0.532037735849057,147.284113207547,0.0336981132075472,"Fresh",11,"Control",NA
"81A-1767","43","101","6926.900","01:30","00:25","14","2026-06-03 16:11:01","2026-06-03 16:12:44",24.8892523364486,101.22953271028,2.66448598130841,0.30788785046729,147.313056074766,0.0539626168224299,"Fresh",11,"1 µm",NA
"81A-1767","44","101","6926.900","01:30","00:25","14","2026-06-03 16:14:01","2026-06-03 16:15:44",169.712897196262,101.226635514019,2.56261682242991,0.749261682242991,17.1439439252336,0.0702990654205607,"Fresh",11,"45 µm",NA
"81A-1767","40","101","6926.900","01:30","00:25","13","2026-06-03 16:17:01","2026-06-03 16:18:43",24.9848113207547,101.22320754717,2.66981132075472,0.774367924528302,141.029858490566,0.135943396226415,"Fresh",10,"45 µm",NA
"81A-1767","38","101","6926.900","01:30","00:25","14","2026-06-03 16:20:02","2026-06-03 16:21:45",-71.3771028037383,101.233738317757,2.66355140186916,-0.510121495327103,73.4832056074766,0.080785046728972,"Fresh",10,"Disturbance",NA
"81A-1767","45","101","6926.900","01:30","00:25","14","2026-06-03 16:23:02","2026-06-03 16:24:45",-67.7508411214953,101.222803738318,2.56355140186916,0.816401869158878,16.2931869158879,0.114859813084112,"Fresh",12,"Control",NA
"81A-1767","41","101","6918.900","01:30","00:25","13","2026-06-03 17:00:31","2026-06-03 17:02:13",25.0035849056604,101.178018867925,2.6628679245283,-0.532037735849057,147.267462264151,0.0336981132075472,"Fresh",11,"Control",NA
"81A-1767","43","101","6926.900","01:30","00:25","14","2026-06-03 17:03:31","2026-06-03 17:05:14",24.4792523364486,101.203831775701,2.66448598130841,0.307102803738318,147.341794392523,0.0535327102803738,"Fresh",11,"1 µm",NA
"81A-1767","44","101","6926.900","01:30","00:25","14","2026-06-03 17:06:32","2026-06-03 17:08:15",169.101028037383,101.205140186916,2.56228037383178,0.78,17.2052897196262,0.068,"Fresh",11,"45 µm",NA
"81A-1652","15","101","6926.900","01:30","00:25","12","2026-06-04 09:04:29","2026-06-04 09:06:10",23.9255238095238,99.3838095238095,5.34857142857143,2.77520952380952,145.833361904762,0.036447619047619,"Control",4,"1 µm",NA
"81A-1767","40","101","6926.900","01:30","00:25","13","2026-06-03 17:09:32","2026-06-03 17:11:14",24.3553773584906,101.200943396226,2.66415094339623,0.775509433962264,141.050075471698,0.134452830188679,"Fresh",10,"45 µm",NA
"81A-1767","38","101","6926.900","01:30","00:25","14","2026-06-03 17:12:33","2026-06-03 17:14:16",-71.6067289719626,101.209439252336,2.66448598130841,-0.51596261682243,73.4654018691589,0.0763644859813084,"Fresh",10,"Disturbance",NA
"81A-1767","45","101","6926.900","01:30","00:25","14","2026-06-03 17:15:33","2026-06-03 17:17:16",-68.557476635514,101.201308411215,2.56448598130841,0.741457943925234,16.3891401869159,0.115897196261682,"Fresh",12,"Control",NA
"81A-1767","41","101","6918.900","01:30","00:25","13","2026-06-03 18:00:31","2026-06-03 18:02:13",23.5816037735849,101.16141509434,2.66001886792453,-0.532122641509434,147.449179245283,0.0334716981132075,"Fresh",11,"Control",NA
"81A-1767","43","101","6926.900","01:30","00:25","14","2026-06-03 18:03:31","2026-06-03 18:05:14",23.7782242990654,101.183364485981,2.66355140186916,0.306214953271028,147.407205607477,0.0535327102803738,"Fresh",11,"1 µm",NA
"81A-1767","44","101","6926.900","01:30","00:25","14","2026-06-03 18:06:31","2026-06-03 18:08:14",169.110747663551,101.180747663551,2.56542056074766,0.779177570093458,17.2569158878505,0.0649065420560748,"Fresh",11,"45 µm",NA
"81A-1767","40","101","6926.900","01:30","00:25","13","2026-06-03 18:09:33","2026-06-03 18:11:15",23.6495283018868,101.176132075472,2.66415094339623,0.774471698113208,141.090556603774,0.134028301886792,"Fresh",10,"45 µm",NA
"81A-1767","38","101","6926.900","01:30","00:25","14","2026-06-03 18:12:34","2026-06-03 18:14:17",-71.4070093457944,101.180186915888,2.66448598130841,-0.519411214953271,73.4787757009346,0.0745514018691589,"Fresh",10,"Disturbance",NA
"81A-1767","45","101","6926.900","01:30","00:25","14","2026-06-03 18:15:36","2026-06-03 18:17:19",-68.4090654205608,101.171775700935,2.56448598130841,0.695607476635514,16.4663364485981,0.119803738317757,"Fresh",12,"Control",NA
"81A-1767","41","101","6918.900","01:30","00:25","13","2026-06-03 19:00:32","2026-06-03 19:02:14",22.552358490566,101.135,2.66415094339623,-0.531933962264151,147.457924528302,0.0334528301886792,"Fresh",11,"Control",NA
"81A-1652","16","101","6926.900","01:30","00:25","12","2026-06-04 09:07:28","2026-06-04 09:09:09",24.3915238095238,99.6881904761905,5.12830476190476,2.76540952380952,21.055619047619,0.0407047619047619,"Control",4,"45 µm",NA
"81A-1767","43","101","6926.900","01:30","00:25","14","2026-06-03 19:03:32","2026-06-03 19:05:15",22.6388785046729,101.161401869159,2.66448598130841,0.30611214953271,147.426177570093,0.0529906542056075,"Fresh",11,"1 µm",NA
"81A-1767","44","101","6926.900","01:30","00:25","14","2026-06-03 19:06:33","2026-06-03 19:08:16",169.83523364486,101.160280373832,2.56355140186916,0.761682242990654,17.2795700934579,0.061411214953271,"Fresh",11,"45 µm",NA
"81A-1767","40","101","6926.900","01:30","00:25","13","2026-06-03 19:09:33","2026-06-03 19:11:15",22.332358490566,101.15820754717,2.66981132075472,0.775301886792453,141.113528301887,0.132735849056604,"Fresh",10,"45 µm",NA
"81A-1767","38","101","6926.900","01:30","00:25","14","2026-06-03 19:12:34","2026-06-03 19:14:17",-71.9688785046729,101.165794392523,2.66448598130841,-0.523476635514019,73.4848878504673,0.0729719626168224,"Fresh",10,"Disturbance",NA
"81A-1767","45","101","6926.900","01:30","00:25","14","2026-06-03 19:15:34","2026-06-03 19:17:17",-68.3218691588785,101.159626168224,2.56448598130841,0.816196261682243,16.5087196261682,0.119457943925234,"Fresh",12,"Control",NA
"81A-1767","41","101","6918.900","01:30","00:25","13","2026-06-03 20:00:32","2026-06-03 20:02:14",21.1434905660377,101.165094339623,2.66509433962264,-0.531933962264151,147.007849056604,0.0339905660377358,"Fresh",11,"Control",NA
"81A-1767","43","101","6926.900","01:30","00:25","14","2026-06-03 20:03:32","2026-06-03 20:05:15",21.1320560747664,101.195140186916,2.66448598130841,0.30481308411215,147.029570093458,0.0530467289719626,"Fresh",11,"1 µm",NA
"81A-1767","44","101","6926.900","01:30","00:25","14","2026-06-03 20:06:33","2026-06-03 20:08:16",168.864859813084,101.195981308411,2.56448598130841,0.745766355140187,17.2674018691589,0.0567476635514019,"Fresh",11,"45 µm",NA
"81A-1767","40","101","6926.900","01:30","00:25","13","2026-06-03 20:09:33","2026-06-03 20:11:15",20.8092452830189,101.196981132075,2.66415094339623,0.775509433962264,141.184405660377,0.13261320754717,"Fresh",10,"45 µm",NA
"81A-1767","38","101","6926.900","01:30","00:25","14","2026-06-03 20:12:32","2026-06-03 20:14:15",-72.2994392523365,101.205887850467,2.66448598130841,-0.528523364485981,73.5081214953271,0.0723084112149533,"Fresh",10,"Disturbance",NA
"81A-1652","16","101","6926.900","01:30","00:25","12","2026-06-03 17:07:30","2026-06-03 17:09:11",24.4208571428571,99.6414285714286,5.05142857142857,2.76452380952381,19.8310857142857,0.0393809523809524,"Control",4,"45 µm",NA
"81A-1652","49","101","6926.900","01:30","00:25","12","2026-06-04 09:10:26","2026-06-04 09:12:07",24.7239047619048,99.3924761904762,5.34857142857143,0.0346666666666667,87.7882952380952,0.0360380952380952,"Control",NA,"Control",NA
"81A-1767","45","101","6926.900","01:30","00:25","14","2026-06-03 20:15:32","2026-06-03 20:17:15",-68.4232710280374,101.197009345794,2.56448598130841,0.79388785046729,16.5033644859813,0.120420560747664,"Fresh",12,"Control",NA
"81A-1767","41","101","6918.900","01:30","00:25","13","2026-06-03 21:00:32","2026-06-03 21:02:14",19.3993396226415,101.188018867925,2.66415094339623,-0.531830188679245,146.407283018868,0.0346320754716981,"Fresh",11,"Control",NA
"81A-1767","43","101","6926.900","01:30","00:25","14","2026-06-03 21:03:32","2026-06-03 21:05:15",19.2546728971963,101.215607476636,2.66636448598131,0.304457943925234,146.378186915888,0.0532897196261682,"Fresh",11,"1 µm",NA
"81A-1767","44","101","6926.900","01:30","00:25","14","2026-06-03 21:06:34","2026-06-03 21:08:17",167.515514018692,101.213831775701,2.56448598130841,0.742168224299065,17.200476635514,0.0528785046728972,"Fresh",11,"45 µm",NA
"81A-1767","40","101","6926.900","01:30","00:25","13","2026-06-03 21:09:34","2026-06-03 21:11:16",18.9037735849057,101.211320754717,2.67265094339623,0.775405660377358,141.333858490566,0.131820754716981,"Fresh",10,"45 µm",NA
"81A-1767","38","101","6926.900","01:30","00:25","14","2026-06-03 21:12:33","2026-06-03 21:14:16",-72.3901869158879,101.216168224299,2.66448598130841,-0.532766355140187,73.498476635514,0.0716635514018692,"Fresh",10,"Disturbance",NA
"81A-1767","45","101","6926.900","01:30","00:25","14","2026-06-03 21:15:33","2026-06-03 21:17:16",-69.4379439252336,101.210934579439,2.56542056074766,0.766130841121495,16.4619345794393,0.120626168224299,"Fresh",12,"Control",NA
"81A-1767","41","101","6918.900","01:30","00:25","13","2026-06-03 22:00:31","2026-06-03 22:02:13",17.771320754717,101.221132075472,2.66509433962264,-0.530943396226415,145.619952830189,0.0349056603773585,"Fresh",11,"Control",NA
"81A-1767","43","101","6926.900","01:30","00:25","14","2026-06-03 22:03:32","2026-06-03 22:05:15",17.7571028037383,101.246542056075,2.67288785046729,0.304233644859813,145.61591588785,0.053,"Fresh",11,"1 µm",NA
"81A-1767","44","101","6926.900","01:30","00:25","14","2026-06-03 22:06:34","2026-06-03 22:08:17",166.30523364486,101.243551401869,2.56635514018692,0.735775700934579,17.089214953271,0.0507757009345794,"Fresh",11,"45 µm",NA
"81A-1652","13","101","6926.900","01:30","00:25","12","2026-06-04 09:58:31","2026-06-04 10:00:12",-68.266380952381,99.3590476190476,5.24952380952381,2.89646666666667,87.6669333333333,0.0506285714285714,"Control",4,"Control",NA
"81A-1767","40","101","6926.900","01:30","00:25","13","2026-06-03 22:09:34","2026-06-03 22:11:16",17.5202830188679,101.244339622642,2.69366981132075,0.774943396226415,141.402433962264,0.132009433962264,"Fresh",10,"45 µm",NA
"81A-1767","38","101","6926.900","01:30","00:25","14","2026-06-03 22:12:33","2026-06-03 22:14:16",-72.2041121495327,101.251121495327,2.66448598130841,-0.532766355140187,73.5181588785047,0.0710560747663551,"Fresh",10,"Disturbance",NA
"81A-1767","45","101","6926.900","01:30","00:25","14","2026-06-03 22:15:33","2026-06-03 22:17:16",-69.4480373831776,101.24261682243,2.56542056074766,0.734158878504673,16.374214953271,0.127271028037383,"Fresh",12,"Control",NA
"81A-1767","41","101","6918.900","01:30","00:25","13","2026-06-03 23:00:31","2026-06-03 23:02:13",16.6747169811321,101.233490566038,2.63362264150943,-0.530839622641509,144.780028301887,0.0356792452830189,"Fresh",11,"Control",NA
"81A-1767","43","101","6926.900","01:30","00:25","14","2026-06-03 23:03:32","2026-06-03 23:05:15",16.5217757009346,101.263271028037,2.67383177570093,0.278738317757009,144.741168224299,0.0534672897196262,"Fresh",11,"1 µm",NA
"81A-1767","44","101","6926.900","01:30","00:25","14","2026-06-03 23:06:33","2026-06-03 23:08:16",164.695046728972,101.26214953271,2.48229906542056,0.781523364485981,16.9475700934579,0.049392523364486,"Fresh",11,"45 µm",NA
"81A-1767","40","101","6926.900","01:30","00:25","13","2026-06-03 23:09:33","2026-06-03 23:11:15",16.3835849056604,101.262924528302,2.67358490566038,0.775245283018868,141.499603773585,0.135150943396226,"Fresh",10,"45 µm",NA
"81A-1767","38","101","6926.900","01:30","00:25","14","2026-06-03 23:12:32","2026-06-03 23:14:15",-72.3015887850467,101.271028037383,2.66542056074766,-0.532252336448598,73.4621401869159,0.0704018691588785,"Fresh",10,"Disturbance",NA
"81A-1767","45","101","6926.900","01:30","00:25","14","2026-06-03 23:15:32","2026-06-03 23:17:15",-69.4551401869159,101.263364485981,2.56448598130841,0.706504672897196,16.2716261682243,0.143766355140187,"Fresh",12,"Control",NA
"81A-1767","41","101","6918.900","01:30","00:25","13","2026-06-04 00:00:31","2026-06-04 00:02:13",16.273679245283,101.229433962264,2.70061320754717,-0.530839622641509,144.027396226415,0.0360094339622642,"Fresh",11,"Control",NA
"81A-1767","41","101","6918.9","01:30","00:25","13","2026-05-29 11:28:39","2026-05-29 11:30:21",24.2004716981132,100.785377358491,2.66318867924528,-0.529952830188679,141.968490566038,0.0379528301886792,"Fresh",11,"Control",NA
"81A-1767","43","101","6926.900","01:30","00:25","14","2026-06-04 00:03:32","2026-06-04 00:05:15",16.1500934579439,101.257196261682,2.73666355140187,0.259102803738318,143.909598130841,0.0533831775700935,"Fresh",11,"1 µm",NA
"81A-1767","41","101","6918.9","01:30","00:25","13","2026-06-04 00:08:13","2026-06-04 00:09:55",16.2345283018868,101.249905660377,2.66415094339623,-0.530839622641509,143.964066037736,0.0361037735849057,"Fresh",11,"Control",NA
"81A-1767","43","101","6926.900","01:30","00:25","14","2026-06-04 00:11:14","2026-06-04 00:12:57",16.1663551401869,101.261495327103,2.72472897196262,0.302953271028037,143.885056074766,0.0531775700934579,"Fresh",11,"1 µm",NA
"81A-1767","44","101","6926.900","01:30","00:25","14","2026-06-04 00:14:16","2026-06-04 00:15:59",164.277757009346,101.26046728972,2.57102803738318,0.74307476635514,16.7664299065421,0.0522616822429907,"Fresh",11,"45 µm",NA
"81A-1767","40","101","6926.900","01:30","00:25","13","2026-06-04 00:17:16","2026-06-04 00:18:58",15.9444339622642,101.256603773585,2.7546320754717,0.774792452830189,141.430349056604,0.139433962264151,"Fresh",10,"45 µm",NA
"81A-1767","38","101","6926.900","01:30","00:25","14","2026-06-04 00:20:15","2026-06-04 00:21:58",-72.5586915887851,101.260654205607,2.70705607476636,-0.531775700934579,73.471,0.070018691588785,"Fresh",10,"Disturbance",NA
"81A-1767","45","101","6926.900","01:30","00:25","14","2026-06-04 00:23:17","2026-06-04 00:25:00",-69.7121495327103,101.248691588785,2.58163551401869,0.75496261682243,16.1605794392523,0.144635514018692,"Fresh",12,"Control",NA
"81A-1767","41","101","6918.900","01:30","00:25","13","2026-06-04 00:26:21","2026-06-04 00:28:03",16.0755660377359,101.242358490566,2.66509433962264,-0.484867924528302,144.031037735849,0.0359905660377358,"Fresh",11,"Control",NA
"81A-1767","43","101","6926.900","01:30","00:25","14","2026-06-04 00:29:22","2026-06-04 00:31:05",16.0435514018692,101.251028037383,2.70663551401869,0.278168224299065,144.020242990654,0.0529626168224299,"Fresh",11,"1 µm",NA
"81A-1767","44","101","6926.900","01:30","00:25","14","2026-06-04 00:32:23","2026-06-04 00:34:06",164.2,101.247663551402,2.57220560747664,0.781420560747664,16.7513271028037,0.0554766355140187,"Fresh",11,"45 µm",NA
"81A-1767","43","101","6926.900","01:30","00:25","14","2026-05-29 11:31:40","2026-05-29 11:33:23",20.9960747663551,100.799252336449,2.66448598130841,0.355644859813084,142.136607476636,0.0594953271028037,"Fresh",11,"1 µm",NA
"81A-1767","40","101","6926.900","01:30","00:25","13","2026-06-04 00:35:23","2026-06-04 00:37:05",15.9696226415094,101.245566037736,2.75216981132075,0.774481132075472,141.488320754717,0.135132075471698,"Fresh",10,"45 µm",NA
"81A-1767","38","101","6926.900","01:30","00:25","14","2026-06-04 00:38:22","2026-06-04 00:40:05",-72.277476635514,101.253831775701,2.70635514018692,-0.531672897196262,73.4635887850467,0.068981308411215,"Fresh",10,"Disturbance",NA
"81A-1767","45","101","6926.900","01:30","00:25","14","2026-06-04 00:41:22","2026-06-04 00:43:05",-69.5281308411215,101.240280373832,2.58341121495327,0.712607476635514,16.1334018691589,0.144018691588785,"Fresh",12,"Control",NA
"81A-1767","41","101","6918.900","01:30","00:25","13","2026-06-04 01:26:20","2026-06-04 01:28:02",15.5384905660377,101.190754716981,2.68028301886792,-0.529952830188679,142.920896226415,0.0374622641509434,"Fresh",11,"Control",NA
"81A-1767","43","101","6926.900","01:30","00:25","14","2026-06-04 01:29:21","2026-06-04 01:31:04",15.383738317757,101.218691588785,2.70442056074766,0.304130841121495,142.930897196262,0.0539345794392523,"Fresh",11,"1 µm",NA
"81A-1767","44","101","6926.900","01:30","00:25","14","2026-06-04 01:32:23","2026-06-04 01:34:06",162.80308411215,101.218317757009,2.58419626168224,0.727570093457944,16.5901588785047,0.0485607476635514,"Fresh",11,"45 µm",NA
"81A-1767","40","101","6926.900","01:30","00:25","13","2026-06-04 01:35:23","2026-06-04 01:37:05",15.2144339622642,101.213773584906,2.71401886792453,0.774622641509434,140.943103773585,0.144924528301887,"Fresh",10,"45 µm",NA
"81A-1767","38","101","6926.900","01:30","00:25","14","2026-06-04 01:38:22","2026-06-04 01:40:05",-72.8896261682243,101.22691588785,2.67289719626168,-0.528691588785047,73.3811401869159,0.0692897196261682,"Fresh",10,"Disturbance",NA
"81A-1767","45","101","6926.900","01:30","00:25","14","2026-06-04 01:41:22","2026-06-04 01:43:05",-70.0358878504673,101.219626168224,2.56635514018692,0.69122429906542,16.0407663551402,0.146317757009346,"Fresh",12,"Control",NA
"81A-1767","41","101","6918.900","01:30","00:25","13","2026-06-04 02:26:20","2026-06-04 02:28:02",14.58,101.18141509434,2.67358490566038,-0.529952830188679,142.536330188679,0.037688679245283,"Fresh",11,"Control",NA
"81A-1767","44","101","6926.900","01:30","00:25","14","2026-05-29 11:34:40","2026-05-29 11:36:23",163.237663551402,100.854672897196,2.5381308411215,0.766915887850467,16.6352897196262,0.0701121495327103,"Fresh",11,"45 µm",NA
"81A-1767","43","101","6926.900","01:30","00:25","14","2026-06-04 02:29:21","2026-06-04 02:31:04",14.5397196261682,101.210186915888,2.70526168224299,0.303822429906542,142.469654205607,0.0536542056074766,"Fresh",11,"1 µm",NA
"81A-1767","44","101","6926.900","01:30","00:25","14","2026-06-04 02:32:23","2026-06-04 02:34:06",162.707570093458,101.207196261682,2.57289719626168,0.73207476635514,16.4495981308411,0.0478130841121495,"Fresh",11,"45 µm",NA
"81A-1767","40","101","6926.900","01:30","00:25","13","2026-06-04 02:35:23","2026-06-04 02:37:05",14.2466037735849,101.200849056604,2.76306603773585,0.774518867924528,140.976254716981,0.156716981132075,"Fresh",10,"45 µm",NA
"81A-1767","38","101","6926.900","01:30","00:25","14","2026-06-04 02:38:22","2026-06-04 02:40:05",-72.9093457943925,101.20785046729,2.74154205607477,-0.530878504672897,73.4423644859813,0.0698598130841121,"Fresh",10,"Disturbance",NA
"81A-1767","45","101","6926.900","01:30","00:25","14","2026-06-04 02:41:24","2026-06-04 02:43:07",-69.8527102803738,101.202710280374,2.59583177570093,0.816093457943925,15.9439252336449,0.145439252336449,"Fresh",12,"Control",NA
"81A-1767","41","101","6918.900","01:30","00:25","13","2026-06-04 03:26:20","2026-06-04 03:28:02",13.8575471698113,101.144056603774,2.67641509433962,-0.529849056603774,142.139801886792,0.037811320754717,"Fresh",11,"Control",NA
"81A-1767","43","101","6926.900","01:30","00:25","14","2026-06-04 03:29:21","2026-06-04 03:31:04",13.8045794392523,101.177570093458,2.68411214953271,0.30303738317757,142.06446728972,0.0541028037383178,"Fresh",11,"1 µm",NA
"81A-1767","44","101","6926.900","01:30","00:25","14","2026-06-04 03:32:23","2026-06-04 03:34:06",161.768317757009,101.177289719626,2.58130841121495,0.752242990654206,16.2698691588785,0.0522803738317757,"Fresh",11,"45 µm",NA
"81A-1767","40","101","6926.900","01:30","00:25","13","2026-06-04 03:35:23","2026-06-04 03:37:05",13.7299056603774,101.175566037736,2.76320754716981,0.774943396226415,140.852481132075,0.169066037735849,"Fresh",10,"45 µm",NA
"81A-1767","38","101","6926.900","01:30","00:25","14","2026-06-04 03:38:22","2026-06-04 03:40:05",-73.3739252336449,101.185887850467,2.74741121495327,-0.53088785046729,73.3600747663551,0.0689065420560748,"Fresh",10,"Disturbance",NA
"81A-1767","40","101","6926.900","01:30","1	-1	2026-05-29 11:37:48	20.9	101.74	14.686	354.72	360.01	51.41	2.8	0.782	142.181	0.542	0	0	0	0	0	60.2	32.61	12.62	0.0727	0.0886	11.6300	149.48458	2617673	2414699	1227425	1399246","1	-1	2026-05-29 11:37:49	20.9	101.73	14.682	356.18	361.49	51.41	2.8	0.782	142.181	0.543	0	0	0	0	0	60.17	32.61	12.62	0.07295	0.08852	11.6303	149.48459	2617556	2415241	1227515	1399226","2026-05-29 11:37:40","2026-05-29 11:37:50",21.7672727272727,101.737272727273,2.81818181818182,0.782,141.893181818182,0.436727272727273,"Fresh",10,"45 µm",NA
"81A-1767","45","101","6926.900","01:30","00:25","14","2026-06-04 03:41:24","2026-06-04 03:43:07",-69.8414953271028,101.183738317757,2.62169158878505,0.77292523364486,15.8472242990654,0.148308411214953,"Fresh",12,"Control",NA
"81A-1767","41","101","6918.900","01:30","00:25","13","2026-06-04 04:26:20","2026-06-04 04:28:02",13.4422641509434,101.16320754717,2.67452830188679,-0.529849056603774,141.70370754717,0.0382547169811321,"Fresh",11,"Control",NA
"81A-1767","43","101","6926.900","01:30","00:25","14","2026-06-04 04:29:20","2026-06-04 04:31:03",13.4571028037383,101.201775700935,2.67476635514019,0.303140186915888,141.672588785047,0.0540934579439252,"Fresh",11,"1 µm",NA
"81A-1767","44","101","6926.900","01:30","00:25","14","2026-06-04 04:32:22","2026-06-04 04:34:05",160.650093457944,101.206355140187,2.57383177570093,0.73618691588785,16.1450093457944,0.0473177570093458,"Fresh",11,"45 µm",NA
"81A-1767","40","101","6926.900","01:30","00:25","13","2026-06-04 04:35:22","2026-06-04 04:37:04",13.2450943396226,101.204150943396,2.73432075471698,0.773698113207547,140.614462264151,0.177811320754717,"Fresh",10,"45 µm",NA
"81A-1767","38","101","6926.900","01:30","00:25","14","2026-06-04 04:38:22","2026-06-04 04:40:05",-73.412523364486,101.215514018692,2.71868224299065,-0.53088785046729,73.3278598130841,0.0684018691588785,"Fresh",10,"Disturbance",NA
"81A-1767","45","101","6926.900","01:30","00:25","14","2026-06-04 04:41:22","2026-06-04 04:43:05",-70.4209345794393,101.213831775701,2.59393457943925,0.739439252336449,15.7391588785047,0.147168224299065,"Fresh",12,"Control",NA
"81A-1767","41","101","6918.900","01:30","00:25","13","2026-06-04 05:26:20","2026-06-04 05:28:02",13.1483018867925,101.168962264151,2.67452830188679,-0.529849056603774,141.417103773585,0.0386037735849057,"Fresh",11,"Control",NA
"81A-1767","43","101","6926.900","01:30","00:25","14","2026-06-04 05:29:21","2026-06-04 05:31:04",13.217476635514,101.19691588785,2.67476635514019,0.27785046728972,141.346056074766,0.0534392523364486,"Fresh",11,"1 µm",NA
"81A-1767","44","101","6926.900","01:30","00:25","14","2026-06-04 05:32:23","2026-06-04 05:34:06",159.906168224299,101.195607476636,2.57570093457944,0.78018691588785,15.9808785046729,0.0533551401869159,"Fresh",11,"45 µm",NA
"81A-1767","41","101","6918.9","01:30","00:25","13","2026-05-29 11:47:52","2026-05-29 11:49:34",22.7668867924528,100.762735849057,2.6622641509434,-0.529952830188679,142.194858490566,0.0376698113207547,"Fresh",11,"Control",NA
"81A-1767","40","101","6926.900","01:30","00:25","13","2026-06-04 05:35:23","2026-06-04 05:37:05",13.0946226415094,101.198962264151,2.75903773584906,0.774207547169811,140.476066037736,0.178330188679245,"Fresh",10,"45 µm",NA
"81A-1767","38","101","6926.900","01:30","00:25","14","2026-06-04 05:38:22","2026-06-04 05:40:05",-73.1934579439252,101.208598130841,2.7588691588785,-0.53088785046729,73.290738317757,0.0684018691588785,"Fresh",10,"Disturbance",NA
"81A-1767","45","101","6926.900","01:30","00:25","14","2026-06-04 05:41:24","2026-06-04 05:43:07",-70.3089719626168,101.200934579439,2.62758878504673,0.710140186915888,15.638,0.147644859813084,"Fresh",12,"Control",NA
"81A-1767","41","101","6918.900","01:30","00:25","13","2026-06-04 06:26:20","2026-06-04 06:28:02",13.3754716981132,101.184339622642,2.68018867924528,-0.529849056603774,141.080811320755,0.0387358490566038,"Fresh",11,"Control",NA
"81A-1767","43","101","6926.900","01:30","00:25","14","2026-06-04 06:29:21","2026-06-04 06:31:04",13.3048598130841,101.215981308411,2.68411214953271,0.303140186915888,141.03646728972,0.0537663551401869,"Fresh",11,"1 µm",NA
"81A-1767","44","101","6926.900","01:30","00:25","14","2026-06-04 06:32:23","2026-06-04 06:34:06",159.297570093458,101.214953271028,2.58224299065421,0.727672897196262,15.8622242990654,0.0474859813084112,"Fresh",11,"45 µm",NA
"81A-1767","40","101","6926.900","01:30","00:25","13","2026-06-04 06:35:23","2026-06-04 06:37:05",13.2779245283019,101.217264150943,2.76602830188679,0.774622641509434,140.337830188679,0.174367924528302,"Fresh",10,"45 µm",NA
"81A-1767","38","101","6926.900","01:30","00:25","14","2026-06-04 06:38:22","2026-06-04 06:40:05",-72.9158878504673,101.229813084112,2.73119626168224,-0.525542056074766,73.2865514018692,0.0681308411214953,"Fresh",10,"Disturbance",NA
"81A-1767","45","101","6926.900","01:30","00:25","14","2026-06-04 06:41:24","2026-06-04 06:43:07",-70.1263551401869,101.227289719626,2.58228037383178,0.81314953271028,15.5487476635514,0.145934579439252,"Fresh",12,"Control",NA
"81A-1767","41","101","6918.900","01:30","00:25","13","2026-06-04 07:26:20","2026-06-04 07:28:02",14.3910377358491,101.213490566038,2.67452830188679,-0.529849056603774,140.860867924528,0.0387924528301887,"Fresh",11,"Control",NA
"81A-1767","41","101","6918.9","01:30","00:25","13","2026-05-29 11:55:22","2026-05-29 11:57:04",22.0262264150943,100.745377358491,2.66132075471698,-0.437075471698113,142.373518867925,0.0377452830188679,"Fresh",11,"Control",NA
"81A-1767","43","101","6926.900","01:30","00:25","14","2026-06-04 07:29:21","2026-06-04 07:31:04",14.4896261682243,101.245981308411,2.67757009345794,0.30303738317757,140.803775700935,0.053,"Fresh",11,"1 µm",NA
"81A-1767","44","101","6926.900","01:30","00:25","14","2026-06-04 07:32:23","2026-06-04 07:34:06",160.215046728972,101.250560747664,2.57570093457944,0.731971962616823,15.7723551401869,0.0482616822429906,"Fresh",11,"45 µm",NA
"81A-1767","40","101","6926.900","01:30","00:25","13","2026-06-04 07:35:23","2026-06-04 07:37:05",14.2764150943396,101.257735849057,2.75044339622641,0.774207547169811,140.190971698113,0.170594339622642,"Fresh",10,"45 µm",NA
"81A-1767","38","101","6926.900","01:30","00:25","14","2026-06-04 07:38:22","2026-06-04 07:40:05",-73.4992523364486,101.266168224299,2.70863551401869,-0.530102803738318,73.3287476635514,0.0689345794392523,"Fresh",10,"Disturbance",NA
"81A-1767","45","101","6926.900","01:30","00:25","14","2026-06-04 07:41:22","2026-06-04 07:43:05",-69.6795327102804,101.261028037383,2.57570093457944,0.799579439252336,15.4855887850467,0.13696261682243,"Fresh",12,"Control",NA
"81A-1767","41","101","6918.900","01:30","00:25","13","2026-06-04 08:26:20","2026-06-04 08:28:02",17.05,101.22641509434,2.67452830188679,-0.529849056603774,140.871094339623,0.0387735849056604,"Fresh",11,"Control",NA
"81A-1767","43","101","6926.900","01:30","00:25","14","2026-06-04 08:29:21","2026-06-04 08:31:04",17.4116822429907,101.261775700935,2.67476635514019,0.302934579439252,140.847579439252,0.0527009345794393,"Fresh",11,"1 µm",NA
"81A-1767","44","101","6926.900","01:30","00:25","14","2026-06-04 08:32:22","2026-06-04 08:34:05",160.176542056075,101.262990654206,2.57570093457944,0.748831775700935,15.7665607476636,0.0503177570093458,"Fresh",11,"45 µm",NA
"81A-1767","40","101","6926.900","01:30","00:25","13","2026-06-04 08:35:22","2026-06-04 08:37:04",17.6230188679245,101.267264150943,2.6955,0.773594339622642,140.211386792453,0.142669811320755,"Fresh",10,"45 µm",NA
"81A-1767","38","101","6926.900","01:30","00:25","14","2026-06-04 08:38:21","2026-06-04 08:40:04",-73.2795327102804,101.277943925234,2.67476635514019,-0.530878504672897,73.3592523364486,0.0728130841121495,"Fresh",10,"Disturbance",NA
"81A-1767","43","101","6926.900","01:30","00:25","14","2026-05-29 11:58:23","2026-05-29 12:00:06",21.2902803738318,100.753271028037,2.66448598130841,0.356327102803738,142.905691588785,0.0588504672897196,"Fresh",11,"1 µm",NA
"81A-1767","45","101","6926.900","01:30","00:25","14","2026-06-04 08:41:21","2026-06-04 08:43:04",-69.572523364486,101.267196261682,2.57383177570093,0.803280373831776,15.5044392523364,0.127523364485981,"Fresh",12,"Control",NA
"81A-1767","41","101","6918.900","01:30","00:25","13","2026-06-04 09:26:20","2026-06-04 09:28:02",20.0812264150943,101.231886792453,2.65037735849057,-0.529849056603774,141.509405660377,0.0385188679245283,"Fresh",11,"Control",NA
"81A-1767","43","101","6926.900","01:30","00:25","14","2026-06-04 09:29:21","2026-06-04 09:31:04",20.4569158878505,101.26214953271,2.68317757009346,0.303102803738318,141.560906542056,0.0528691588785047,"Fresh",11,"1 µm",NA
"81A-1767","44","101","6926.900","01:30","00:25","14","2026-06-04 09:32:22","2026-06-04 09:34:05",161.365700934579,101.260560747664,2.5612523364486,0.744308411214953,15.8775420560748,0.0548317757009346,"Fresh",11,"45 µm",NA
"81A-1767","40","101","6926.900","01:30","00:25","13","2026-06-04 09:35:23","2026-06-04 09:37:05",20.4804716981132,101.26179245283,2.73651886792453,0.775094339622642,140.507028301887,0.141915094339623,"Fresh",10,"45 µm",NA
"81A-1767","38","101","6926.900","01:30","00:25","14","2026-06-04 09:38:23","2026-06-04 09:40:06",-73.0088785046729,101.267943925234,2.71921495327103,-0.53,73.4759626168224,0.0716915887850467,"Fresh",10,"Disturbance",NA
"81A-1678","29","101","6926.9","01:30","00:25","12","2026-06-03 00:07:58","2026-06-03 00:09:39",14.7886666666667,100.171714285714,3.75801904761905,1.77851428571429,89.6084857142857,0.0351428571428571,"Salt",8,"Control",NA
"81A-1678","30","101","6926.900","01:30","00:25","13","2026-06-03 00:10:58","2026-06-03 00:12:40",15.2133018867925,100.097358490566,5.05188679245283,0.984622641509434,105.553566037736,0.0347358490566038,"Salt",8,"Disturbance",NA
"81A-1678","31","101","6926.900","01:30","00:25","13","2026-06-03 00:13:59","2026-06-03 00:15:41",14.6749056603774,100.09820754717,4.85769811320755,0.0732547169811321,117.292179245283,3.43541509433962,"Salt",8,"1 µm",NA
"81A-1678","32","101","6926.900","01:30","00:25","13","2026-06-03 00:17:01","2026-06-03 00:18:43",-54.2525471698113,100.106603773585,4.95283018867925,0.0347735849056604,18.6786509433962,0.0330943396226415,"Salt",8,"45 µm",NA
"81A-1767","44","101","6926.900","01:30","00:25","14","2026-05-29 12:01:25","2026-05-29 12:03:08",165.119813084112,100.744859813084,2.56542056074766,0.740971962616822,16.6159065420561,0.0727476635514019,"Fresh",11,"45 µm",NA
"81A-1678","29","101","6926.900","01:30","00:25","12","2026-06-03 00:20:02","2026-06-03 00:21:43",14.7633333333333,100.178761904762,3.6647619047619,1.77731428571429,89.5853904761905,0.0346761904761905,"Salt",8,"Control",NA
"81A-1678","30","101","6926.900","01:30","00:25","13","2026-06-03 00:23:02","2026-06-03 00:24:44",15.2219811320755,100.138301886792,5.05188679245283,0.984320754716981,105.72979245283,0.034688679245283,"Salt",8,"Disturbance",NA
"81A-1678","31","101","6926.900","01:30","00:25","13","2026-06-03 00:26:01","2026-06-03 00:27:43",14.6733018867925,100.092169811321,4.85377358490566,0.0730377358490566,117.311235849057,3.43533962264151,"Salt",8,"1 µm",NA
"81A-1678","32","101","6926.900","01:30","00:25","13","2026-06-03 00:29:02","2026-06-03 00:30:44",-54.2532075471698,100.095660377358,4.95283018867925,0.0341037735849057,18.6579150943396,0.0330660377358491,"Salt",8,"45 µm",NA
"81A-1678","29","101","6926.900","01:30","00:25","12","2026-06-03 01:20:01","2026-06-03 01:21:42",14.4815238095238,100.185714285714,3.76380952380952,1.77800952380952,89.5350285714286,0.0352952380952381,"Salt",8,"Control",NA
"81A-1678","30","101","6926.900","01:30","00:25","13","2026-06-03 01:23:01","2026-06-03 01:24:43",14.7984905660377,100.113773584906,5.05188679245283,0.983528301886792,107.360735849057,0.0352735849056604,"Salt",8,"Disturbance",NA
"81A-1678","31","101","6926.900","01:30","00:25","13","2026-06-03 01:26:02","2026-06-03 01:27:44",14.3825471698113,100.112547169811,4.88878301886793,0.0743962264150943,116.916367924528,3.42352830188679,"Salt",8,"1 µm",NA
"81A-1678","32","101","6926.900","01:30","00:25","13","2026-06-03 01:29:01","2026-06-03 01:30:43",-53.9866981132076,100.122264150943,4.95283018867925,0.0347735849056604,18.4788962264151,0.0331603773584906,"Salt",8,"45 µm",NA
"81A-1678","29","101","6926.900","01:30","00:25","12","2026-06-03 02:20:01","2026-06-03 02:21:42",14.0124761904762,100.188380952381,3.76380952380952,1.77701904761905,89.5196952380952,0.0356380952380952,"Salt",8,"Control",NA
"81A-1678","30","101","6926.900","01:30","00:25","13","2026-06-03 02:23:00","2026-06-03 02:24:42",14.3852830188679,100.122452830189,5.06096226415094,0.983528301886792,106.043169811321,0.0356509433962264,"Salt",8,"Disturbance",NA
